IDArkeoGIS;CARAC_NAME;CARAC_LVL1;CARAC_LVL2;CARAC_LVL3;CARAC_LVL4;IdArk;IdPactols;IdAat
;Portable Objects / Artefacts;Vegetal - organic materials;;;;;;
;Portable Objects / Artefacts;Glass;;;;;;
;Portable Objects / Artefacts;Bone;;;;;;
;Portable Objects / Artefacts;Others;;;;;;
;Portable Objects / Artefacts;Ceramic;;;;;;
;Portable Objects / Artefacts;Metal;;;;;;
;Portable Objects / Artefacts;Stone;;;;;;
;Portable Objects / Artefacts;Ceramic;Container;;;;;
;Portable Objects / Artefacts;Ceramic;Cockery;;;;;
;Portable Objects / Artefacts;Ceramic;Funerary Urn;;;;;
;Portable Objects / Artefacts;Ceramic;Architectural Terra-cotta;;;;;
;Portable Objects / Artefacts;Ceramic;Others;;;;;
;Portable Objects / Artefacts;Ceramic;Container;Amphora;;;;
;Portable Objects / Artefacts;Ceramic;Container;Dolium;;;;
;Portable Objects / Artefacts;Ceramic;Container;Others;;;;
;Portable Objects / Artefacts;Ceramic;Cockery;Jar;;;;
;Portable Objects / Artefacts;Ceramic;Cockery;Goblet;;;;
;Portable Objects / Artefacts;Ceramic;Cockery;Urn;;;;
;Portable Objects / Artefacts;Ceramic;Cockery;Bottle;;;;
;Portable Objects / Artefacts;Ceramic;Cockery;Lid;;;;
;Portable Objects / Artefacts;Ceramic;Cockery;Sieve;;;;
;Portable Objects / Artefacts;Ceramic;Cockery;Funnel;;;;
;Portable Objects / Artefacts;Ceramic;Cockery;Mortar;;;;
;Portable Objects / Artefacts;Ceramic;Cockery;Cup;;;;
;Portable Objects / Artefacts;Ceramic;Cockery;Plate;;;;
;Portable Objects / Artefacts;Ceramic;Cockery;Miniature pot;;;;
;Portable Objects / Artefacts;Ceramic;Cockery;Others;;;;
;Portable Objects / Artefacts;Ceramic;Cockery;Undocumented;;;;
;Portable Objects / Artefacts;Ceramic;Cockery;Jar;Import;;;
;Portable Objects / Artefacts;Ceramic;Cockery;Jar;Local;;;
;Portable Objects / Artefacts;Ceramic;Cockery;Jar;Both;;;
;Portable Objects / Artefacts;Ceramic;Cockery;Goblet;Import;;;
;Portable Objects / Artefacts;Ceramic;Cockery;Goblet;Local;;;
;Portable Objects / Artefacts;Ceramic;Cockery;Goblet;Both;;;
;Portable Objects / Artefacts;Ceramic;Cockery;Urn;Import;;;
;Portable Objects / Artefacts;Ceramic;Cockery;Urn;Local;;;
;Portable Objects / Artefacts;Ceramic;Cockery;Urn;Both;;;
;Portable Objects / Artefacts;Ceramic;Cockery;Bottle;Import;;;
;Portable Objects / Artefacts;Ceramic;Cockery;Bottle;Local;;;
;Portable Objects / Artefacts;Ceramic;Cockery;Bottle;Both;;;
;Portable Objects / Artefacts;Ceramic;Cockery;Lid;Import;;;
;Portable Objects / Artefacts;Ceramic;Cockery;Lid;Local;;;
;Portable Objects / Artefacts;Ceramic;Cockery;Lid;Both;;;
;Portable Objects / Artefacts;Ceramic;Cockery;Sieve;Import;;;
;Portable Objects / Artefacts;Ceramic;Cockery;Sieve;Local;;;
;Portable Objects / Artefacts;Ceramic;Cockery;Sieve;Both;;;
;Portable Objects / Artefacts;Ceramic;Cockery;Funnel;Import;;;
;Portable Objects / Artefacts;Ceramic;Cockery;Funnel;Local;;;
;Portable Objects / Artefacts;Ceramic;Cockery;Funnel;Both;;;
;Portable Objects / Artefacts;Ceramic;Cockery;Mortar;Import;;;
;Portable Objects / Artefacts;Ceramic;Cockery;Mortar;Local;;;
;Portable Objects / Artefacts;Ceramic;Cockery;Mortar;Both;;;
;Portable Objects / Artefacts;Ceramic;Cockery;Cup;Import;;;
;Portable Objects / Artefacts;Ceramic;Cockery;Cup;Local;;;
;Portable Objects / Artefacts;Ceramic;Cockery;Cup;Both;;;
;Portable Objects / Artefacts;Ceramic;Cockery;Plate;Import;;;
;Portable Objects / Artefacts;Ceramic;Cockery;Plate;Local;;;
;Portable Objects / Artefacts;Ceramic;Cockery;Plate;Both;;;
;Portable Objects / Artefacts;Ceramic;Cockery;Miniature pot;Import;;;
;Portable Objects / Artefacts;Ceramic;Cockery;Miniature pot;Local;;;
;Portable Objects / Artefacts;Ceramic;Cockery;Miniature pot;Both;;;
;Portable Objects / Artefacts;Ceramic;Cockery;Others;Import;;;
;Portable Objects / Artefacts;Ceramic;Cockery;Others;Local;;;
;Portable Objects / Artefacts;Ceramic;Cockery;Others;Both;;;
;Portable Objects / Artefacts;Ceramic;Cockery;Undocumented;Import;;;
;Portable Objects / Artefacts;Ceramic;Cockery;Undocumented;Local;;;
;Portable Objects / Artefacts;Ceramic;Cockery;Undocumented;Both;;;
;Portable Objects / Artefacts;Ceramic;Architectural Terra-cotta;Tile;;;;
;Portable Objects / Artefacts;Ceramic;Architectural Terra-cotta;Hypocaust;;;;
;Portable Objects / Artefacts;Ceramic;Architectural Terra-cotta;Partition;;;;
;Portable Objects / Artefacts;Ceramic;Architectural Terra-cotta;Brick;;;;
;Portable Objects / Artefacts;Ceramic;Architectural Terra-cotta;Others;;;;
;Portable Objects / Artefacts;Ceramic;Architectural Terra-cotta;Tile;Inscription;;;
;Portable Objects / Artefacts;Ceramic;Architectural Terra-cotta;Hypocaust;Inscription;;;
;Portable Objects / Artefacts;Ceramic;Architectural Terra-cotta;Partition;Inscription;;;
;Portable Objects / Artefacts;Ceramic;Architectural Terra-cotta;Brick;Inscription;;;
;Portable Objects / Artefacts;Ceramic;Architectural Terra-cotta;Others;Inscription;;;
;Portable Objects / Artefacts;Ceramic;Architectural Terra-cotta;Others;Stove pots;;;
;Portable Objects / Artefacts;Ceramic;Architectural Terra-cotta;Others;Stove tiles;;;
;Portable Objects / Artefacts;Ceramic;Others;Statuette;;;;
;Portable Objects / Artefacts;Ceramic;Others;Lamp;;;;
;Portable Objects / Artefacts;Ceramic;Others;Textile;;;;
;Portable Objects / Artefacts;Ceramic;Others;Jewellery;;;;
;Portable Objects / Artefacts;Ceramic;Others;Games;;;;
;Portable Objects / Artefacts;Ceramic;Others;Tokens;;;;
;Portable Objects / Artefacts;Ceramic;Others;Andiron;;;;
;Portable Objects / Artefacts;Ceramic;Others;Sling;;;;
;Portable Objects / Artefacts;Ceramic;Others;Crucible;;;;
;Portable Objects / Artefacts;Ceramic;Others;Briqueting;;;;
;Portable Objects / Artefacts;Ceramic;Others;Perfume burner;;;;
;Portable Objects / Artefacts;Metal;Weaponry;;;;;
;Portable Objects / Artefacts;Metal;Cockery;;;;;
;Portable Objects / Artefacts;Metal;Harness;;;;;
;Portable Objects / Artefacts;Metal;Coins;;;;;
;Portable Objects / Artefacts;Metal;Jewellery;;;;;
;Portable Objects / Artefacts;Metal;Others;;;;;
;Portable Objects / Artefacts;Metal;Tools;;;;;
;Portable Objects / Artefacts;Metal;Weaponry;Helmet;;;;
;Portable Objects / Artefacts;Metal;Weaponry;Sword;;;;
;Portable Objects / Artefacts;Metal;Weaponry;Spear;;;;
;Portable Objects / Artefacts;Metal;Weaponry;Schield;;;;
;Portable Objects / Artefacts;Metal;Weaponry;Breastplate;;;;
;Portable Objects / Artefacts;Metal;Weaponry;Axe;;;;
;Portable Objects / Artefacts;Metal;Weaponry;Sling;;;;
;Portable Objects / Artefacts;Metal;Weaponry;Arrowhead;;;;
;Portable Objects / Artefacts;Metal;Weaponry;Dagger;;;;
;Portable Objects / Artefacts;Metal;Weaponry;Others;;;;
;Portable Objects / Artefacts;Metal;Harness;Bit;;;;
;Portable Objects / Artefacts;Metal;Harness;Buckles;;;;
;Portable Objects / Artefacts;Metal;Harness;Horse-boot;;;;
;Portable Objects / Artefacts;Metal;Harness;Cart;;;;
;Portable Objects / Artefacts;Metal;Coins;Gold;;;;
;Portable Objects / Artefacts;Metal;Coins;Silver;;;;
;Portable Objects / Artefacts;Metal;Coins;Bronze;;;;
;Portable Objects / Artefacts;Metal;Coins;Pewter;;;;
;Portable Objects / Artefacts;Metal;Coins;Electrum;;;;
;Portable Objects / Artefacts;Metal;Coins;Plated coin;;;;
;Portable Objects / Artefacts;Metal;Coins;Counterfeit currency;;;;
;Portable Objects / Artefacts;Metal;Coins;Others;;;;
;Portable Objects / Artefacts;Metal;Jewellery;Fibula;;;;
;Portable Objects / Artefacts;Metal;Jewellery;Pin;;;;
;Portable Objects / Artefacts;Metal;Jewellery;Armring;;;;
;Portable Objects / Artefacts;Metal;Jewellery;Belt;;;;
;Portable Objects / Artefacts;Metal;Jewellery;Pendant;;;;
;Portable Objects / Artefacts;Metal;Jewellery;Earring;;;;
;Portable Objects / Artefacts;Metal;Jewellery;Others;;;;
;Portable Objects / Artefacts;Metal;Jewellery;Armring;Torque;;;
;Portable Objects / Artefacts;Metal;Jewellery;Armring;Bracelet;;;
;Portable Objects / Artefacts;Metal;Jewellery;Armring;Ring;;;
;Portable Objects / Artefacts;Metal;Jewellery;Armring;Anklets;;;
;Portable Objects / Artefacts;Metal;Others;Ingots;;;;
;Portable Objects / Artefacts;Metal;Others;Slag;;;;
;Portable Objects / Artefacts;Metal;Others;Statuette;;;;
;Portable Objects / Artefacts;Metal;Tools;Sickle;;;;
;Portable Objects / Artefacts;Metal;Tools;Hammer;;;;
;Portable Objects / Artefacts;Metal;Tools;Axe;;;;
;Portable Objects / Artefacts;Metal;Tools;Knife;;;;
;Portable Objects / Artefacts;Metal;Tools;Schears;;;;
;Portable Objects / Artefacts;Metal;Tools;Nails;;;;
;Portable Objects / Artefacts;Metal;Tools;Toiletry;;;;
;Portable Objects / Artefacts;Metal;Tools;Weights;;;;
;Portable Objects / Artefacts;Metal;Tools;Cold chisel;;;;
;Portable Objects / Artefacts;Metal;Tools;Others;;;;
;Portable Objects / Artefacts;Stone;Mosaic;;;;;
;Portable Objects / Artefacts;Stone;Statuary;;;;;
;Portable Objects / Artefacts;Stone;Tools;;;;;
;Portable Objects / Artefacts;Stone;Weaponry;;;;;
;Portable Objects / Artefacts;Stone;Architectural Stone;;;;;
;Portable Objects / Artefacts;Stone;Others;;;;;
;Portable Objects / Artefacts;Stone;Raw material;;;;;
;Portable Objects / Artefacts;Stone;Jewellery;;;;;
;Portable Objects / Artefacts;Stone;Tools;Grinding;;;;
;Portable Objects / Artefacts;Stone;Tools;Axe;;;;
;Portable Objects / Artefacts;Stone;Tools;Scraper;;;;
;Portable Objects / Artefacts;Stone;Tools;Polisher;;;;
;Portable Objects / Artefacts;Stone;Tools;Others;;;;
;Portable Objects / Artefacts;Stone;Tools;Grinding;Sandstone;;;
;Portable Objects / Artefacts;Stone;Tools;Grinding;Limestone;;;
;Portable Objects / Artefacts;Stone;Tools;Grinding;Baslalt;;;
;Portable Objects / Artefacts;Stone;Tools;Grinding;Rhyolith;;;
;Portable Objects / Artefacts;Stone;Tools;Grinding;Flint;;;
;Portable Objects / Artefacts;Stone;Tools;Grinding;Others;;;
;Portable Objects / Artefacts;Stone;Tools;Axe;Sandstone;;;
;Portable Objects / Artefacts;Stone;Tools;Axe;Limestone;;;
;Portable Objects / Artefacts;Stone;Tools;Axe;Baslalt;;;
;Portable Objects / Artefacts;Stone;Tools;Axe;Rhyolith;;;
;Portable Objects / Artefacts;Stone;Tools;Axe;Flint;;;
;Portable Objects / Artefacts;Stone;Tools;Axe;Others;;;
;Portable Objects / Artefacts;Stone;Tools;Scraper;Sandstone;;;
;Portable Objects / Artefacts;Stone;Tools;Scraper;Limestone;;;
;Portable Objects / Artefacts;Stone;Tools;Scraper;Baslalt;;;
;Portable Objects / Artefacts;Stone;Tools;Scraper;Rhyolith;;;
;Portable Objects / Artefacts;Stone;Tools;Scraper;Flint;;;
;Portable Objects / Artefacts;Stone;Tools;Scraper;Others;;;
;Portable Objects / Artefacts;Stone;Tools;Polisher;Sandstone;;;
;Portable Objects / Artefacts;Stone;Tools;Polisher;Limestone;;;
;Portable Objects / Artefacts;Stone;Tools;Polisher;Baslalt;;;
;Portable Objects / Artefacts;Stone;Tools;Polisher;Rhyolith;;;
;Portable Objects / Artefacts;Stone;Tools;Polisher;Flint;;;
;Portable Objects / Artefacts;Stone;Tools;Polisher;Others;;;
;Portable Objects / Artefacts;Stone;Tools;Others;Sandstone;;;
;Portable Objects / Artefacts;Stone;Tools;Others;Limestone;;;
;Portable Objects / Artefacts;Stone;Tools;Others;Baslalt;;;
;Portable Objects / Artefacts;Stone;Tools;Others;Rhyolith;;;
;Portable Objects / Artefacts;Stone;Tools;Others;Flint;;;
;Portable Objects / Artefacts;Stone;Tools;Others;Others;;;
;Portable Objects / Artefacts;Stone;Architectural Stone;Sandstone;;;;
;Portable Objects / Artefacts;Stone;Architectural Stone;Limestone;;;;
;Portable Objects / Artefacts;Stone;Architectural Stone;Marble;;;;
;Portable Objects / Artefacts;Stone;Architectural Stone;Others;;;;
;Portable Objects / Artefacts;Stone;Architectural Stone;Sandstone;Inscription;;;
;Portable Objects / Artefacts;Stone;Architectural Stone;Sandstone;Decoration;;;
;Portable Objects / Artefacts;Stone;Architectural Stone;Limestone;Inscription;;;
;Portable Objects / Artefacts;Stone;Architectural Stone;Limestone;Decoration;;;
;Portable Objects / Artefacts;Stone;Architectural Stone;Marble;Inscription;;;
;Portable Objects / Artefacts;Stone;Architectural Stone;Marble;Decoration;;;
;Portable Objects / Artefacts;Stone;Architectural Stone;Others;Inscription;;;
;Portable Objects / Artefacts;Stone;Architectural Stone;Others;Decoration;;;
;Portable Objects / Artefacts;Stone;Statuary;Sandstone;;;;
;Portable Objects / Artefacts;Stone;Statuary;Limestone;;;;
;Portable Objects / Artefacts;Stone;Statuary;Marble;;;;
;Portable Objects / Artefacts;Stone;Statuary;Others;;;;
;Portable Objects / Artefacts;Stone;Statuary;Sandstone;Inscription;;;
;Portable Objects / Artefacts;Stone;Statuary;Limestone;Inscription;;;
;Portable Objects / Artefacts;Stone;Statuary;Marble;Inscription;;;
;Portable Objects / Artefacts;Stone;Statuary;Others;Inscription;;;
;Portable Objects / Artefacts;Stone;Others;Boundary Stone;;;;
;Portable Objects / Artefacts;Stone;Others;Stele;;;;
;Portable Objects / Artefacts;Stone;Others;Sarcophagus;;;;
;Portable Objects / Artefacts;Stone;Others;Others;;;;
;Portable Objects / Artefacts;Stone;Others;Boundary Stone;Inscription;;;
;Portable Objects / Artefacts;Stone;Others;Stele;Inscription;;;
;Portable Objects / Artefacts;Stone;Others;Sarcophagus;Inscription;;;
;Portable Objects / Artefacts;Bone;Animal bones;;;;;
;Portable Objects / Artefacts;Bone;Human bones;;;;;
;Portable Objects / Artefacts;Bone;Unknown;;;;;
;Portable Objects / Artefacts;Bone;Human bones;Others;;;;
;Portable Objects / Artefacts;Bone;Human bones;Marquetry;;;;
;Portable Objects / Artefacts;Bone;Human bones;Tools;;;;
;Portable Objects / Artefacts;Bone;Human bones;Jewellery;;;;
;Portable Objects / Artefacts;Bone;Animal bones;Marquetry;;;;
;Portable Objects / Artefacts;Bone;Animal bones;Tools;;;;
;Portable Objects / Artefacts;Bone;Animal bones;Jewellery;;;;
;Portable Objects / Artefacts;Bone;Animal bones;Others;;;;
;Portable Objects / Artefacts;Bone;Unknown;Marquetry;;;;
;Portable Objects / Artefacts;Bone;Unknown;Tools;;;;
;Portable Objects / Artefacts;Bone;Unknown;Jewellery;;;;
;Portable Objects / Artefacts;Bone;Unknown;Others;;;;
;Portable Objects / Artefacts;Glass;Jewellery;;;;;
;Portable Objects / Artefacts;Glass;Cockery;;;;;
;Portable Objects / Artefacts;Glass;Window;;;;;
;Portable Objects / Artefacts;Glass;Others;;;;;
;Portable Objects / Artefacts;Glass;Jewellery;Pearl;;;;
;Portable Objects / Artefacts;Glass;Jewellery;Bracelet;;;;
;Portable Objects / Artefacts;Vegetal - organic materials;Jewellery;;;;;
;Portable Objects / Artefacts;Vegetal - organic materials;Watercraft;;;;;
;Portable Objects / Artefacts;Vegetal - organic materials;Building component;;;;;
;Portable Objects / Artefacts;Vegetal - organic materials;Furniture;;;;;
;Portable Objects / Artefacts;Vegetal - organic materials;Equipement;;;;;
;Portable Objects / Artefacts;Vegetal - organic materials;Barrel;;;;;
;Portable Objects / Artefacts;Vegetal - organic materials;Cockery;;;;;
;Portable Objects / Artefacts;Vegetal - organic materials;Tools;;;;;
;Portable Objects / Artefacts;Vegetal - organic materials;Statuary;;;;;
;Portable Objects / Artefacts;Vegetal - organic materials;Wickerwork;;;;;
;Portable Objects / Artefacts;Vegetal - organic materials;Rope;;;;;
;Portable Objects / Artefacts;Vegetal - organic materials;Leather;;;;;
;Portable Objects / Artefacts;Vegetal - organic materials;Textile;;;;;
;Portable Objects / Artefacts;Vegetal - organic materials;Others;;;;;
;Portable Objects / Artefacts;Vegetal - organic materials;Watercraft;Rowboat;;;;
;Portable Objects / Artefacts;Vegetal - organic materials;Watercraft;Pirogue;;;;
;Portable Objects / Artefacts;Vegetal - organic materials;Watercraft;Vessel;;;;
;Portable Objects / Artefacts;Vegetal - organic materials;Building component;Casing;;;;
;Portable Objects / Artefacts;Vegetal - organic materials;Building component;Shingle;;;;
;Portable Objects / Artefacts;Others;Coating;;;;;
;Portable Objects / Artefacts;Stone;Jewellery;Bead blank other shape;;;;
;Portable Objects / Artefacts;Stone;Jewellery;Others;;;;
;Portable Objects / Artefacts;Stone;Jewellery;Bead blank plano-convex;;;;
;Portable Objects / Artefacts;Stone;Jewellery;Bead blank cylindrical;;;;
;Portable Objects / Artefacts;Stone;Jewellery;Bead blank barrel;;;;
;Portable Objects / Artefacts;Stone;Jewellery;Bead blank bitronconical;;;;
;Portable Objects / Artefacts;Stone;Jewellery;Bead blank spherical;;;;
;Portable Objects / Artefacts;Stone;Jewellery;Bead blank undetermined;;;;
;Portable Objects / Artefacts;Stone;Jewellery;Amber;;;;
;Portable Objects / Artefacts;Stone;Jewellery;Lignite;;;;
;Portable Objects / Artefacts;Stone;Jewellery;Pendant frog;;;;
;Portable Objects / Artefacts;Stone;Jewellery;Pendant bird;;;;
;Portable Objects / Artefacts;Stone;Jewellery;Pendant lizard;;;;
;Portable Objects / Artefacts;Stone;Jewellery;Pendant anthropomorphic;;;;
;Portable Objects / Artefacts;Stone;Jewellery;Pendant anthropozoomorphic;;;;
;Portable Objects / Artefacts;Stone;Jewellery;Pendant other animal;;;;
;Portable Objects / Artefacts;Stone;Jewellery;Pendant undetermined shape;;;;
;Portable Objects / Artefacts;Stone;Jewellery;Pendant blank frog;;;;
;Portable Objects / Artefacts;Stone;Jewellery;Pendant blank bird;;;;
;Portable Objects / Artefacts;Stone;Jewellery;Pendant blank lizard;;;;
;Portable Objects / Artefacts;Stone;Jewellery;Pendant blank anthropomorphic;;;;
;Portable Objects / Artefacts;Stone;Jewellery;Pendant blank anthropozoomorphic;;;;
;Portable Objects / Artefacts;Stone;Jewellery;Pendant blank other animal;;;;
;Portable Objects / Artefacts;Stone;Jewellery;Pendant blank undetermined shape;;;;
;Portable Objects / Artefacts;Stone;Jewellery;Bead;;;;
;Portable Objects / Artefacts;Stone;Jewellery;Bead discoid;;;;
;Portable Objects / Artefacts;Stone;Jewellery;Bead cylindrical;;;;
;Portable Objects / Artefacts;Stone;Jewellery;Bead barrel;;;;
;Portable Objects / Artefacts;Stone;Jewellery;Bead bitronconical;;;;
;Portable Objects / Artefacts;Stone;Jewellery;Bead spherical;;;;
;Portable Objects / Artefacts;Stone;Jewellery;Bead plano-convex;;;;
;Portable Objects / Artefacts;Stone;Jewellery;Bead other shape;;;;
;Portable Objects / Artefacts;Stone;Jewellery;Bead undetermined;;;;
;Portable Objects / Artefacts;Stone;Jewellery;Bead blank discoid;;;;
;Portable Objects / Artefacts;Vegetal - organic materials;Jewellery;Shell;;;;
;Portable Objects / Artefacts;Vegetal - organic materials;Jewellery;Coral;;;;
;Portable Objects / Artefacts;Stone;Raw material;Block;;;;
;Portable Objects / Artefacts;Stone;Raw material;Chip;;;;
;Portable Objects / Artefacts;Stone;Raw material;Pebble;;;;
;Portable Objects / Artefacts;Stone;Raw material;Plate;;;;
;Portable Objects / Artefacts;Stone;Raw material;Undocumented;;;;
;Portable Objects / Artefacts;Stone;Raw material;Block;Agate;;;
;Portable Objects / Artefacts;Stone;Raw material;Block;Albite;;;
;Portable Objects / Artefacts;Stone;Raw material;Block;Amethyst;;;
;Portable Objects / Artefacts;Stone;Raw material;Block;Anorthite;;;
;Portable Objects / Artefacts;Stone;Raw material;Block;Aventurine;;;
;Portable Objects / Artefacts;Stone;Raw material;Block;Barite;;;
;Portable Objects / Artefacts;Stone;Raw material;Block;Limestone;;;
;Portable Objects / Artefacts;Stone;Raw material;Block;Chalcedony;;;
;Portable Objects / Artefacts;Stone;Raw material;Block;Calcite;;;
;Portable Objects / Artefacts;Stone;Raw material;Block;Chlorite;;;
;Portable Objects / Artefacts;Stone;Raw material;Block;Carnelian;;;
;Portable Objects / Artefacts;Stone;Raw material;Block;Rock crystal;;;
;Portable Objects / Artefacts;Stone;Raw material;Block;Diorite;;;
;Portable Objects / Artefacts;Stone;Raw material;Block;Jasper;;;
;Portable Objects / Artefacts;Stone;Raw material;Block;Jet;;;
;Portable Objects / Artefacts;Stone;Raw material;Block;Malachite;;;
;Portable Objects / Artefacts;Stone;Raw material;Block;Marble;;;
;Portable Objects / Artefacts;Stone;Raw material;Block;Nephrite;;;
;Portable Objects / Artefacts;Stone;Raw material;Block;Paragonite;;;
;Portable Objects / Artefacts;Stone;Raw material;Block;Prehnite;;;
;Portable Objects / Artefacts;Stone;Raw material;Block;Pumpellyite;;;
;Portable Objects / Artefacts;Stone;Raw material;Block;Quartz;;;
;Portable Objects / Artefacts;Stone;Raw material;Block;Serpentine;;;
;Portable Objects / Artefacts;Stone;Raw material;Block;Steatite;;;
;Portable Objects / Artefacts;Stone;Raw material;Block;Sudoite;;;
;Portable Objects / Artefacts;Stone;Raw material;Block;Tufa;;;
;Portable Objects / Artefacts;Stone;Raw material;Block;Turquoise;;;
;Portable Objects / Artefacts;Stone;Raw material;Block;Variscite;;;
;Portable Objects / Artefacts;Stone;Raw material;Block;Other material;;;
;Portable Objects / Artefacts;Stone;Raw material;Block;Undocumented;;;
;Portable Objects / Artefacts;Stone;Raw material;Chip;Agate;;;
;Portable Objects / Artefacts;Stone;Raw material;Chip;Albite;;;
;Portable Objects / Artefacts;Stone;Raw material;Chip;Amethyst;;;
;Portable Objects / Artefacts;Stone;Raw material;Chip;Anorthite;;;
;Portable Objects / Artefacts;Stone;Raw material;Chip;Aventurine;;;
;Portable Objects / Artefacts;Stone;Raw material;Chip;Barite;;;
;Portable Objects / Artefacts;Stone;Raw material;Chip;Limestone;;;
;Portable Objects / Artefacts;Stone;Raw material;Chip;Chalcedony;;;
;Portable Objects / Artefacts;Stone;Raw material;Chip;Calcite;;;
;Portable Objects / Artefacts;Stone;Raw material;Chip;Chlorite;;;
;Portable Objects / Artefacts;Stone;Raw material;Chip;Carnelian;;;
;Portable Objects / Artefacts;Stone;Raw material;Chip;Rock crystal;;;
;Portable Objects / Artefacts;Stone;Raw material;Chip;Diorite;;;
;Portable Objects / Artefacts;Stone;Raw material;Chip;Jasper;;;
;Portable Objects / Artefacts;Stone;Raw material;Chip;Jet;;;
;Portable Objects / Artefacts;Stone;Raw material;Chip;Malachite;;;
;Portable Objects / Artefacts;Stone;Raw material;Chip;Marble;;;
;Portable Objects / Artefacts;Stone;Raw material;Chip;Nephrite;;;
;Portable Objects / Artefacts;Stone;Raw material;Chip;Paragonite;;;
;Portable Objects / Artefacts;Stone;Raw material;Chip;Prehnite;;;
;Portable Objects / Artefacts;Stone;Raw material;Chip;Pumpellyite;;;
;Portable Objects / Artefacts;Stone;Raw material;Chip;Quartz;;;
;Portable Objects / Artefacts;Stone;Raw material;Chip;Serpentine;;;
;Portable Objects / Artefacts;Stone;Raw material;Chip;Steatite;;;
;Portable Objects / Artefacts;Stone;Raw material;Chip;Sudoite;;;
;Portable Objects / Artefacts;Stone;Raw material;Chip;Tufa;;;
;Portable Objects / Artefacts;Stone;Raw material;Chip;Turquoise;;;
;Portable Objects / Artefacts;Stone;Raw material;Chip;Variscite;;;
;Portable Objects / Artefacts;Stone;Raw material;Chip;Other material;;;
;Portable Objects / Artefacts;Stone;Raw material;Chip;Undocumented;;;
;Portable Objects / Artefacts;Stone;Raw material;Pebble;Agate;;;
;Portable Objects / Artefacts;Stone;Raw material;Pebble;Albite;;;
;Portable Objects / Artefacts;Stone;Raw material;Pebble;Amethyst;;;
;Portable Objects / Artefacts;Stone;Raw material;Pebble;Anorthite;;;
;Portable Objects / Artefacts;Stone;Raw material;Pebble;Aventurine;;;
;Portable Objects / Artefacts;Stone;Raw material;Pebble;Barite;;;
;Portable Objects / Artefacts;Stone;Raw material;Pebble;Limestone;;;
;Portable Objects / Artefacts;Stone;Raw material;Pebble;Chalcedony;;;
;Portable Objects / Artefacts;Stone;Raw material;Pebble;Calcite;;;
;Portable Objects / Artefacts;Stone;Raw material;Pebble;Chlorite;;;
;Portable Objects / Artefacts;Stone;Raw material;Pebble;Carnelian;;;
;Portable Objects / Artefacts;Stone;Raw material;Pebble;Rock crystal;;;
;Portable Objects / Artefacts;Stone;Raw material;Pebble;Diorite;;;
;Portable Objects / Artefacts;Stone;Raw material;Pebble;Jasper;;;
;Portable Objects / Artefacts;Stone;Raw material;Pebble;Jet;;;
;Portable Objects / Artefacts;Stone;Raw material;Pebble;Malachite;;;
;Portable Objects / Artefacts;Stone;Raw material;Pebble;Marble;;;
;Portable Objects / Artefacts;Stone;Raw material;Pebble;Nephrite;;;
;Portable Objects / Artefacts;Stone;Raw material;Pebble;Paragonite;;;
;Portable Objects / Artefacts;Stone;Raw material;Pebble;Prehnite;;;
;Portable Objects / Artefacts;Stone;Raw material;Pebble;Pumpellyite;;;
;Portable Objects / Artefacts;Stone;Raw material;Pebble;Quartz;;;
;Portable Objects / Artefacts;Stone;Raw material;Pebble;Serpentine;;;
;Portable Objects / Artefacts;Stone;Raw material;Pebble;Steatite;;;
;Portable Objects / Artefacts;Stone;Raw material;Pebble;Sudoite;;;
;Portable Objects / Artefacts;Stone;Raw material;Pebble;Tufa;;;
;Portable Objects / Artefacts;Stone;Raw material;Pebble;Turquoise;;;
;Portable Objects / Artefacts;Stone;Raw material;Pebble;Variscite;;;
;Portable Objects / Artefacts;Stone;Raw material;Pebble;Other material;;;
;Portable Objects / Artefacts;Stone;Raw material;Pebble;Undocumented;;;
;Portable Objects / Artefacts;Stone;Jewellery;Pendant frog;Agate;;;
;Portable Objects / Artefacts;Stone;Jewellery;Pendant frog;Albite;;;
;Portable Objects / Artefacts;Stone;Jewellery;Pendant frog;Amethyst;;;
;Portable Objects / Artefacts;Stone;Jewellery;Pendant frog;Anorthite;;;
;Portable Objects / Artefacts;Stone;Jewellery;Pendant frog;Aventurine;;;
;Portable Objects / Artefacts;Stone;Jewellery;Pendant frog;Barite;;;
;Portable Objects / Artefacts;Stone;Jewellery;Pendant frog;Limestone;;;
;Portable Objects / Artefacts;Stone;Jewellery;Pendant frog;Chalcedony;;;
;Portable Objects / Artefacts;Stone;Jewellery;Pendant frog;Calcite;;;
;Portable Objects / Artefacts;Stone;Jewellery;Pendant frog;Chlorite;;;
;Portable Objects / Artefacts;Stone;Jewellery;Pendant frog;Carnelian;;;
;Portable Objects / Artefacts;Stone;Jewellery;Pendant frog;Rock crystal;;;
;Portable Objects / Artefacts;Stone;Jewellery;Pendant frog;Diorite;;;
;Portable Objects / Artefacts;Stone;Jewellery;Pendant frog;Jasper;;;
;Portable Objects / Artefacts;Stone;Jewellery;Pendant frog;Jet;;;
;Portable Objects / Artefacts;Stone;Jewellery;Pendant frog;Malachite;;;
;Portable Objects / Artefacts;Stone;Jewellery;Pendant frog;Marble;;;
;Portable Objects / Artefacts;Stone;Jewellery;Pendant frog;Nephrite;;;
;Portable Objects / Artefacts;Stone;Jewellery;Pendant frog;Paragonite;;;
;Portable Objects / Artefacts;Stone;Jewellery;Pendant frog;Prehnite;;;
;Portable Objects / Artefacts;Stone;Jewellery;Pendant frog;Pumpellyite;;;
;Portable Objects / Artefacts;Stone;Jewellery;Pendant frog;Quartz;;;
;Portable Objects / Artefacts;Stone;Jewellery;Pendant frog;Serpentine;;;
;Portable Objects / Artefacts;Stone;Jewellery;Pendant frog;Steatite;;;
;Portable Objects / Artefacts;Stone;Jewellery;Pendant frog;Sudoite;;;
;Portable Objects / Artefacts;Stone;Jewellery;Pendant frog;Tufa;;;
;Portable Objects / Artefacts;Stone;Jewellery;Pendant frog;Turquoise;;;
;Portable Objects / Artefacts;Stone;Jewellery;Pendant frog;Variscite;;;
;Portable Objects / Artefacts;Stone;Jewellery;Pendant frog;Other material;;;
;Portable Objects / Artefacts;Stone;Jewellery;Pendant frog;Undocumented;;;
;Portable Objects / Artefacts;Stone;Jewellery;Pendant bird;Agate;;;
;Portable Objects / Artefacts;Stone;Jewellery;Pendant bird;Albite;;;
;Portable Objects / Artefacts;Stone;Jewellery;Pendant bird;Amethyst;;;
;Portable Objects / Artefacts;Stone;Jewellery;Pendant bird;Anorthite;;;
;Portable Objects / Artefacts;Stone;Jewellery;Pendant bird;Aventurine;;;
;Portable Objects / Artefacts;Stone;Jewellery;Pendant bird;Barite;;;
;Portable Objects / Artefacts;Stone;Jewellery;Pendant bird;Limestone;;;
;Portable Objects / Artefacts;Stone;Jewellery;Pendant bird;Chalcedony;;;
;Portable Objects / Artefacts;Stone;Jewellery;Pendant bird;Calcite;;;
;Portable Objects / Artefacts;Stone;Jewellery;Pendant bird;Chlorite;;;
;Portable Objects / Artefacts;Stone;Jewellery;Pendant bird;Carnelian;;;
;Portable Objects / Artefacts;Stone;Jewellery;Pendant bird;Rock crystal;;;
;Portable Objects / Artefacts;Stone;Jewellery;Pendant bird;Diorite;;;
;Portable Objects / Artefacts;Stone;Jewellery;Pendant bird;Jasper;;;
;Portable Objects / Artefacts;Stone;Jewellery;Pendant bird;Jet;;;
;Portable Objects / Artefacts;Stone;Jewellery;Pendant bird;Malachite;;;
;Portable Objects / Artefacts;Stone;Jewellery;Pendant bird;Marble;;;
;Portable Objects / Artefacts;Stone;Jewellery;Pendant bird;Nephrite;;;
;Portable Objects / Artefacts;Stone;Jewellery;Pendant bird;Paragonite;;;
;Portable Objects / Artefacts;Stone;Jewellery;Pendant bird;Prehnite;;;
;Portable Objects / Artefacts;Stone;Jewellery;Pendant bird;Pumpellyite;;;
;Portable Objects / Artefacts;Stone;Jewellery;Pendant bird;Quartz;;;
;Portable Objects / Artefacts;Stone;Jewellery;Pendant bird;Serpentine;;;
;Portable Objects / Artefacts;Stone;Jewellery;Pendant bird;Steatite;;;
;Portable Objects / Artefacts;Stone;Jewellery;Pendant bird;Sudoite;;;
;Portable Objects / Artefacts;Stone;Jewellery;Pendant bird;Tufa;;;
;Portable Objects / Artefacts;Stone;Jewellery;Pendant bird;Turquoise;;;
;Portable Objects / Artefacts;Stone;Jewellery;Pendant bird;Variscite;;;
;Portable Objects / Artefacts;Stone;Jewellery;Pendant bird;Other material;;;
;Portable Objects / Artefacts;Stone;Jewellery;Pendant bird;Undocumented;;;
;Portable Objects / Artefacts;Stone;Jewellery;Pendant lizard;Agate;;;
;Portable Objects / Artefacts;Stone;Jewellery;Pendant lizard;Albite;;;
;Portable Objects / Artefacts;Stone;Jewellery;Pendant lizard;Amethyst;;;
;Portable Objects / Artefacts;Stone;Jewellery;Pendant lizard;Anorthite;;;
;Portable Objects / Artefacts;Stone;Jewellery;Pendant lizard;Aventurine;;;
;Portable Objects / Artefacts;Stone;Jewellery;Pendant lizard;Barite;;;
;Portable Objects / Artefacts;Stone;Jewellery;Pendant lizard;Limestone;;;
;Portable Objects / Artefacts;Stone;Jewellery;Pendant lizard;Chalcedony;;;
;Portable Objects / Artefacts;Stone;Jewellery;Pendant lizard;Calcite;;;
;Portable Objects / Artefacts;Stone;Jewellery;Pendant lizard;Chlorite;;;
;Portable Objects / Artefacts;Stone;Jewellery;Pendant lizard;Carnelian;;;
;Portable Objects / Artefacts;Stone;Jewellery;Pendant lizard;Rock crystal;;;
;Portable Objects / Artefacts;Stone;Jewellery;Pendant lizard;Diorite;;;
;Portable Objects / Artefacts;Stone;Jewellery;Pendant lizard;Jasper;;;
;Portable Objects / Artefacts;Stone;Jewellery;Pendant lizard;Jet;;;
;Portable Objects / Artefacts;Stone;Jewellery;Pendant lizard;Malachite;;;
;Portable Objects / Artefacts;Stone;Jewellery;Pendant lizard;Marble;;;
;Portable Objects / Artefacts;Stone;Jewellery;Pendant lizard;Nephrite;;;
;Portable Objects / Artefacts;Stone;Jewellery;Pendant lizard;Paragonite;;;
;Portable Objects / Artefacts;Stone;Jewellery;Pendant lizard;Prehnite;;;
;Portable Objects / Artefacts;Stone;Jewellery;Pendant lizard;Pumpellyite;;;
;Portable Objects / Artefacts;Stone;Jewellery;Pendant lizard;Quartz;;;
;Portable Objects / Artefacts;Stone;Jewellery;Pendant lizard;Serpentine;;;
;Portable Objects / Artefacts;Stone;Jewellery;Pendant lizard;Steatite;;;
;Portable Objects / Artefacts;Stone;Jewellery;Pendant lizard;Sudoite;;;
;Portable Objects / Artefacts;Stone;Jewellery;Pendant lizard;Tufa;;;
;Portable Objects / Artefacts;Stone;Jewellery;Pendant lizard;Turquoise;;;
;Portable Objects / Artefacts;Stone;Jewellery;Pendant lizard;Variscite;;;
;Portable Objects / Artefacts;Stone;Jewellery;Pendant lizard;Other material;;;
;Portable Objects / Artefacts;Stone;Jewellery;Pendant lizard;Undocumented;;;
;Portable Objects / Artefacts;Stone;Jewellery;Pendant anthropomorphic;Agate;;;
;Portable Objects / Artefacts;Stone;Jewellery;Pendant anthropomorphic;Albite;;;
;Portable Objects / Artefacts;Stone;Jewellery;Pendant anthropomorphic;Amethyst;;;
;Portable Objects / Artefacts;Stone;Jewellery;Pendant anthropomorphic;Anorthite;;;
;Portable Objects / Artefacts;Stone;Jewellery;Pendant anthropomorphic;Aventurine;;;
;Portable Objects / Artefacts;Stone;Jewellery;Pendant anthropomorphic;Barite;;;
;Portable Objects / Artefacts;Stone;Jewellery;Pendant anthropomorphic;Limestone;;;
;Portable Objects / Artefacts;Stone;Jewellery;Pendant anthropomorphic;Chalcedony;;;
;Portable Objects / Artefacts;Stone;Jewellery;Pendant anthropomorphic;Calcite;;;
;Portable Objects / Artefacts;Stone;Jewellery;Pendant anthropomorphic;Chlorite;;;
;Portable Objects / Artefacts;Stone;Jewellery;Pendant anthropomorphic;Carnelian;;;
;Portable Objects / Artefacts;Stone;Jewellery;Pendant anthropomorphic;Rock crystal;;;
;Portable Objects / Artefacts;Stone;Jewellery;Pendant anthropomorphic;Diorite;;;
;Portable Objects / Artefacts;Stone;Jewellery;Pendant anthropomorphic;Jasper;;;
;Portable Objects / Artefacts;Stone;Jewellery;Pendant anthropomorphic;Jet;;;
;Portable Objects / Artefacts;Stone;Jewellery;Pendant anthropomorphic;Malachite;;;
;Portable Objects / Artefacts;Stone;Jewellery;Pendant anthropomorphic;Marble;;;
;Portable Objects / Artefacts;Stone;Jewellery;Pendant anthropomorphic;Nephrite;;;
;Portable Objects / Artefacts;Stone;Jewellery;Pendant anthropomorphic;Paragonite;;;
;Portable Objects / Artefacts;Stone;Jewellery;Pendant anthropomorphic;Prehnite;;;
;Portable Objects / Artefacts;Stone;Jewellery;Pendant anthropomorphic;Pumpellyite;;;
;Portable Objects / Artefacts;Stone;Jewellery;Pendant anthropomorphic;Quartz;;;
;Portable Objects / Artefacts;Stone;Jewellery;Pendant anthropomorphic;Serpentine;;;
;Portable Objects / Artefacts;Stone;Jewellery;Pendant anthropomorphic;Steatite;;;
;Portable Objects / Artefacts;Stone;Jewellery;Pendant anthropomorphic;Sudoite;;;
;Portable Objects / Artefacts;Stone;Jewellery;Pendant anthropomorphic;Tufa;;;
;Portable Objects / Artefacts;Stone;Jewellery;Pendant anthropomorphic;Turquoise;;;
;Portable Objects / Artefacts;Stone;Jewellery;Pendant anthropomorphic;Variscite;;;
;Portable Objects / Artefacts;Stone;Jewellery;Pendant anthropomorphic;Other material;;;
;Portable Objects / Artefacts;Stone;Jewellery;Pendant anthropomorphic;Undocumented;;;
;Portable Objects / Artefacts;Stone;Jewellery;Pendant anthropozoomorphic;Agate;;;
;Portable Objects / Artefacts;Stone;Jewellery;Pendant anthropozoomorphic;Albite;;;
;Portable Objects / Artefacts;Stone;Jewellery;Pendant anthropozoomorphic;Amethyst;;;
;Portable Objects / Artefacts;Stone;Jewellery;Pendant anthropozoomorphic;Anorthite;;;
;Portable Objects / Artefacts;Stone;Jewellery;Pendant anthropozoomorphic;Aventurine;;;
;Portable Objects / Artefacts;Stone;Jewellery;Pendant anthropozoomorphic;Barite;;;
;Portable Objects / Artefacts;Stone;Jewellery;Pendant anthropozoomorphic;Limestone;;;
;Portable Objects / Artefacts;Stone;Jewellery;Pendant anthropozoomorphic;Chalcedony;;;
;Portable Objects / Artefacts;Stone;Jewellery;Pendant anthropozoomorphic;Calcite;;;
;Portable Objects / Artefacts;Stone;Jewellery;Pendant anthropozoomorphic;Chlorite;;;
;Portable Objects / Artefacts;Stone;Jewellery;Pendant anthropozoomorphic;Carnelian;;;
;Portable Objects / Artefacts;Stone;Jewellery;Pendant anthropozoomorphic;Rock crystal;;;
;Portable Objects / Artefacts;Stone;Jewellery;Pendant anthropozoomorphic;Diorite;;;
;Portable Objects / Artefacts;Stone;Jewellery;Pendant anthropozoomorphic;Jasper;;;
;Portable Objects / Artefacts;Stone;Jewellery;Pendant anthropozoomorphic;Jet;;;
;Portable Objects / Artefacts;Stone;Jewellery;Pendant anthropozoomorphic;Malachite;;;
;Portable Objects / Artefacts;Stone;Jewellery;Pendant anthropozoomorphic;Marble;;;
;Portable Objects / Artefacts;Stone;Jewellery;Pendant anthropozoomorphic;Nephrite;;;
;Portable Objects / Artefacts;Stone;Jewellery;Pendant anthropozoomorphic;Paragonite;;;
;Portable Objects / Artefacts;Stone;Jewellery;Pendant anthropozoomorphic;Prehnite;;;
;Portable Objects / Artefacts;Stone;Jewellery;Pendant anthropozoomorphic;Pumpellyite;;;
;Portable Objects / Artefacts;Stone;Jewellery;Pendant anthropozoomorphic;Quartz;;;
;Portable Objects / Artefacts;Stone;Jewellery;Pendant anthropozoomorphic;Serpentine;;;
;Portable Objects / Artefacts;Stone;Jewellery;Pendant anthropozoomorphic;Steatite;;;
;Portable Objects / Artefacts;Stone;Jewellery;Pendant anthropozoomorphic;Sudoite;;;
;Portable Objects / Artefacts;Stone;Jewellery;Pendant anthropozoomorphic;Tufa;;;
;Portable Objects / Artefacts;Stone;Jewellery;Pendant anthropozoomorphic;Turquoise;;;
;Portable Objects / Artefacts;Stone;Jewellery;Pendant anthropozoomorphic;Variscite;;;
;Portable Objects / Artefacts;Stone;Jewellery;Pendant anthropozoomorphic;Other material;;;
;Portable Objects / Artefacts;Stone;Jewellery;Pendant anthropozoomorphic;Undocumented;;;
;Portable Objects / Artefacts;Stone;Jewellery;Pendant other animal;Agate;;;
;Portable Objects / Artefacts;Stone;Jewellery;Pendant other animal;Albite;;;
;Portable Objects / Artefacts;Stone;Jewellery;Pendant other animal;Amethyst;;;
;Portable Objects / Artefacts;Stone;Jewellery;Pendant other animal;Anorthite;;;
;Portable Objects / Artefacts;Stone;Jewellery;Pendant other animal;Aventurine;;;
;Portable Objects / Artefacts;Stone;Jewellery;Pendant other animal;Barite;;;
;Portable Objects / Artefacts;Stone;Jewellery;Pendant other animal;Limestone;;;
;Portable Objects / Artefacts;Stone;Jewellery;Pendant other animal;Chalcedony;;;
;Portable Objects / Artefacts;Stone;Jewellery;Pendant other animal;Calcite;;;
;Portable Objects / Artefacts;Stone;Jewellery;Pendant other animal;Chlorite;;;
;Portable Objects / Artefacts;Stone;Jewellery;Pendant other animal;Carnelian;;;
;Portable Objects / Artefacts;Stone;Jewellery;Pendant other animal;Rock crystal;;;
;Portable Objects / Artefacts;Stone;Jewellery;Pendant other animal;Diorite;;;
;Portable Objects / Artefacts;Stone;Jewellery;Pendant other animal;Jasper;;;
;Portable Objects / Artefacts;Stone;Jewellery;Pendant other animal;Jet;;;
;Portable Objects / Artefacts;Stone;Jewellery;Pendant other animal;Malachite;;;
;Portable Objects / Artefacts;Stone;Jewellery;Pendant other animal;Marble;;;
;Portable Objects / Artefacts;Stone;Jewellery;Pendant other animal;Nephrite;;;
;Portable Objects / Artefacts;Stone;Jewellery;Pendant other animal;Paragonite;;;
;Portable Objects / Artefacts;Stone;Jewellery;Pendant other animal;Prehnite;;;
;Portable Objects / Artefacts;Stone;Jewellery;Pendant other animal;Pumpellyite;;;
;Portable Objects / Artefacts;Stone;Jewellery;Pendant other animal;Quartz;;;
;Portable Objects / Artefacts;Stone;Jewellery;Pendant other animal;Serpentine;;;
;Portable Objects / Artefacts;Stone;Jewellery;Pendant other animal;Steatite;;;
;Portable Objects / Artefacts;Stone;Jewellery;Pendant other animal;Sudoite;;;
;Portable Objects / Artefacts;Stone;Jewellery;Pendant other animal;Tufa;;;
;Portable Objects / Artefacts;Stone;Jewellery;Pendant other animal;Turquoise;;;
;Portable Objects / Artefacts;Stone;Jewellery;Pendant other animal;Variscite;;;
;Portable Objects / Artefacts;Stone;Jewellery;Pendant other animal;Other material;;;
;Portable Objects / Artefacts;Stone;Jewellery;Pendant other animal;Undocumented;;;
;Portable Objects / Artefacts;Stone;Jewellery;Pendant undetermined shape;Agate;;;
;Portable Objects / Artefacts;Stone;Jewellery;Pendant undetermined shape;Albite;;;
;Portable Objects / Artefacts;Stone;Jewellery;Pendant undetermined shape;Amethyst;;;
;Portable Objects / Artefacts;Stone;Jewellery;Pendant undetermined shape;Anorthite;;;
;Portable Objects / Artefacts;Stone;Jewellery;Pendant undetermined shape;Aventurine;;;
;Portable Objects / Artefacts;Stone;Jewellery;Pendant undetermined shape;Barite;;;
;Portable Objects / Artefacts;Stone;Jewellery;Pendant undetermined shape;Limestone;;;
;Portable Objects / Artefacts;Stone;Jewellery;Pendant undetermined shape;Chalcedony;;;
;Portable Objects / Artefacts;Stone;Jewellery;Pendant undetermined shape;Calcite;;;
;Portable Objects / Artefacts;Stone;Jewellery;Pendant undetermined shape;Chlorite;;;
;Portable Objects / Artefacts;Stone;Jewellery;Pendant undetermined shape;Carnelian;;;
;Portable Objects / Artefacts;Stone;Jewellery;Pendant undetermined shape;Rock crystal;;;
;Portable Objects / Artefacts;Stone;Jewellery;Pendant undetermined shape;Diorite;;;
;Portable Objects / Artefacts;Stone;Jewellery;Pendant undetermined shape;Jasper;;;
;Portable Objects / Artefacts;Stone;Jewellery;Pendant undetermined shape;Jet;;;
;Portable Objects / Artefacts;Stone;Jewellery;Pendant undetermined shape;Malachite;;;
;Portable Objects / Artefacts;Stone;Jewellery;Pendant undetermined shape;Marble;;;
;Portable Objects / Artefacts;Stone;Jewellery;Pendant undetermined shape;Nephrite;;;
;Portable Objects / Artefacts;Stone;Jewellery;Pendant undetermined shape;Paragonite;;;
;Portable Objects / Artefacts;Stone;Jewellery;Pendant undetermined shape;Prehnite;;;
;Portable Objects / Artefacts;Stone;Jewellery;Pendant undetermined shape;Pumpellyite;;;
;Portable Objects / Artefacts;Stone;Jewellery;Pendant undetermined shape;Quartz;;;
;Portable Objects / Artefacts;Stone;Jewellery;Pendant undetermined shape;Serpentine;;;
;Portable Objects / Artefacts;Stone;Jewellery;Pendant undetermined shape;Steatite;;;
;Portable Objects / Artefacts;Stone;Jewellery;Pendant undetermined shape;Sudoite;;;
;Portable Objects / Artefacts;Stone;Jewellery;Pendant undetermined shape;Tufa;;;
;Portable Objects / Artefacts;Stone;Jewellery;Pendant undetermined shape;Turquoise;;;
;Portable Objects / Artefacts;Stone;Jewellery;Pendant undetermined shape;Variscite;;;
;Portable Objects / Artefacts;Stone;Jewellery;Pendant undetermined shape;Other material;;;
;Portable Objects / Artefacts;Stone;Jewellery;Pendant undetermined shape;Undocumented;;;
;Portable Objects / Artefacts;Stone;Jewellery;Pendant blank frog;Agate;;;
;Portable Objects / Artefacts;Stone;Jewellery;Pendant blank frog;Albite;;;
;Portable Objects / Artefacts;Stone;Jewellery;Pendant blank frog;Amethyst;;;
;Portable Objects / Artefacts;Stone;Jewellery;Pendant blank frog;Anorthite;;;
;Portable Objects / Artefacts;Stone;Jewellery;Pendant blank frog;Aventurine;;;
;Portable Objects / Artefacts;Stone;Jewellery;Pendant blank frog;Barite;;;
;Portable Objects / Artefacts;Stone;Jewellery;Pendant blank frog;Limestone;;;
;Portable Objects / Artefacts;Stone;Jewellery;Pendant blank frog;Chalcedony;;;
;Portable Objects / Artefacts;Stone;Jewellery;Pendant blank frog;Calcite;;;
;Portable Objects / Artefacts;Stone;Jewellery;Pendant blank frog;Chlorite;;;
;Portable Objects / Artefacts;Stone;Jewellery;Pendant blank frog;Carnelian;;;
;Portable Objects / Artefacts;Stone;Jewellery;Pendant blank frog;Rock crystal;;;
;Portable Objects / Artefacts;Stone;Jewellery;Pendant blank frog;Diorite;;;
;Portable Objects / Artefacts;Stone;Jewellery;Pendant blank frog;Jasper;;;
;Portable Objects / Artefacts;Stone;Jewellery;Pendant blank frog;Jet;;;
;Portable Objects / Artefacts;Stone;Jewellery;Pendant blank frog;Malachite;;;
;Portable Objects / Artefacts;Stone;Jewellery;Pendant blank frog;Marble;;;
;Portable Objects / Artefacts;Stone;Jewellery;Pendant blank frog;Nephrite;;;
;Portable Objects / Artefacts;Stone;Jewellery;Pendant blank frog;Paragonite;;;
;Portable Objects / Artefacts;Stone;Jewellery;Pendant blank frog;Prehnite;;;
;Portable Objects / Artefacts;Stone;Jewellery;Pendant blank frog;Pumpellyite;;;
;Portable Objects / Artefacts;Stone;Jewellery;Pendant blank frog;Quartz;;;
;Portable Objects / Artefacts;Stone;Jewellery;Pendant blank frog;Serpentine;;;
;Portable Objects / Artefacts;Stone;Jewellery;Pendant blank frog;Steatite;;;
;Portable Objects / Artefacts;Stone;Jewellery;Pendant blank frog;Sudoite;;;
;Portable Objects / Artefacts;Stone;Jewellery;Pendant blank frog;Tufa;;;
;Portable Objects / Artefacts;Stone;Jewellery;Pendant blank frog;Turquoise;;;
;Portable Objects / Artefacts;Stone;Jewellery;Pendant blank frog;Variscite;;;
;Portable Objects / Artefacts;Stone;Jewellery;Pendant blank frog;Other material;;;
;Portable Objects / Artefacts;Stone;Jewellery;Pendant blank frog;Undocumented;;;
;Portable Objects / Artefacts;Stone;Jewellery;Pendant blank bird;Agate;;;
;Portable Objects / Artefacts;Stone;Jewellery;Pendant blank bird;Albite;;;
;Portable Objects / Artefacts;Stone;Jewellery;Pendant blank bird;Amethyst;;;
;Portable Objects / Artefacts;Stone;Jewellery;Pendant blank bird;Anorthite;;;
;Portable Objects / Artefacts;Stone;Jewellery;Pendant blank bird;Aventurine;;;
;Portable Objects / Artefacts;Stone;Jewellery;Pendant blank bird;Barite;;;
;Portable Objects / Artefacts;Stone;Jewellery;Pendant blank bird;Limestone;;;
;Portable Objects / Artefacts;Stone;Jewellery;Pendant blank bird;Chalcedony;;;
;Portable Objects / Artefacts;Stone;Jewellery;Pendant blank bird;Calcite;;;
;Portable Objects / Artefacts;Stone;Jewellery;Pendant blank bird;Chlorite;;;
;Portable Objects / Artefacts;Stone;Jewellery;Pendant blank bird;Carnelian;;;
;Portable Objects / Artefacts;Stone;Jewellery;Pendant blank bird;Rock crystal;;;
;Portable Objects / Artefacts;Stone;Jewellery;Pendant blank bird;Diorite;;;
;Portable Objects / Artefacts;Stone;Jewellery;Pendant blank bird;Jasper;;;
;Portable Objects / Artefacts;Stone;Jewellery;Pendant blank bird;Jet;;;
;Portable Objects / Artefacts;Stone;Jewellery;Pendant blank bird;Malachite;;;
;Portable Objects / Artefacts;Stone;Jewellery;Pendant blank bird;Marble;;;
;Portable Objects / Artefacts;Stone;Jewellery;Pendant blank bird;Nephrite;;;
;Portable Objects / Artefacts;Stone;Jewellery;Pendant blank bird;Paragonite;;;
;Portable Objects / Artefacts;Stone;Jewellery;Pendant blank bird;Prehnite;;;
;Portable Objects / Artefacts;Stone;Jewellery;Pendant blank bird;Pumpellyite;;;
;Portable Objects / Artefacts;Stone;Jewellery;Pendant blank bird;Quartz;;;
;Portable Objects / Artefacts;Stone;Jewellery;Pendant blank bird;Serpentine;;;
;Portable Objects / Artefacts;Stone;Jewellery;Pendant blank bird;Steatite;;;
;Portable Objects / Artefacts;Stone;Jewellery;Pendant blank bird;Sudoite;;;
;Portable Objects / Artefacts;Stone;Jewellery;Pendant blank bird;Tufa;;;
;Portable Objects / Artefacts;Stone;Jewellery;Pendant blank bird;Turquoise;;;
;Portable Objects / Artefacts;Stone;Jewellery;Pendant blank bird;Variscite;;;
;Portable Objects / Artefacts;Stone;Jewellery;Pendant blank bird;Other material;;;
;Portable Objects / Artefacts;Stone;Jewellery;Pendant blank bird;Undocumented;;;
;Portable Objects / Artefacts;Stone;Jewellery;Pendant blank lizard;Agate;;;
;Portable Objects / Artefacts;Stone;Jewellery;Pendant blank lizard;Albite;;;
;Portable Objects / Artefacts;Stone;Jewellery;Pendant blank lizard;Amethyst;;;
;Portable Objects / Artefacts;Stone;Jewellery;Pendant blank lizard;Anorthite;;;
;Portable Objects / Artefacts;Stone;Jewellery;Pendant blank lizard;Aventurine;;;
;Portable Objects / Artefacts;Stone;Jewellery;Pendant blank lizard;Barite;;;
;Portable Objects / Artefacts;Stone;Jewellery;Pendant blank lizard;Limestone;;;
;Portable Objects / Artefacts;Stone;Jewellery;Pendant blank lizard;Calcite;;;
;Portable Objects / Artefacts;Stone;Jewellery;Pendant blank lizard;Chlorite;;;
;Portable Objects / Artefacts;Stone;Jewellery;Pendant blank lizard;Carnelian;;;
;Portable Objects / Artefacts;Stone;Jewellery;Pendant blank lizard;Rock crystal;;;
;Portable Objects / Artefacts;Stone;Jewellery;Pendant blank lizard;Diorite;;;
;Portable Objects / Artefacts;Stone;Jewellery;Pendant blank lizard;Jasper;;;
;Portable Objects / Artefacts;Stone;Jewellery;Pendant blank lizard;Jet;;;
;Portable Objects / Artefacts;Stone;Jewellery;Pendant blank lizard;Malachite;;;
;Portable Objects / Artefacts;Stone;Jewellery;Pendant blank lizard;Marble;;;
;Portable Objects / Artefacts;Stone;Jewellery;Pendant blank lizard;Nephrite;;;
;Portable Objects / Artefacts;Stone;Jewellery;Pendant blank lizard;Paragonite;;;
;Portable Objects / Artefacts;Stone;Jewellery;Pendant blank lizard;Prehnite;;;
;Portable Objects / Artefacts;Stone;Jewellery;Pendant blank lizard;Pumpellyite;;;
;Portable Objects / Artefacts;Stone;Jewellery;Pendant blank lizard;Quartz;;;
;Portable Objects / Artefacts;Stone;Jewellery;Pendant blank lizard;Serpentine;;;
;Portable Objects / Artefacts;Stone;Jewellery;Pendant blank lizard;Steatite;;;
;Portable Objects / Artefacts;Stone;Jewellery;Pendant blank lizard;Sudoite;;;
;Portable Objects / Artefacts;Stone;Jewellery;Pendant blank lizard;Tufa;;;
;Portable Objects / Artefacts;Stone;Jewellery;Pendant blank lizard;Turquoise;;;
;Portable Objects / Artefacts;Stone;Jewellery;Pendant blank lizard;Variscite;;;
;Portable Objects / Artefacts;Stone;Jewellery;Pendant blank lizard;Other material;;;
;Portable Objects / Artefacts;Stone;Jewellery;Pendant blank lizard;Undocumented;;;
;Portable Objects / Artefacts;Stone;Jewellery;Pendant blank anthropomorphic;Agate;;;
;Portable Objects / Artefacts;Stone;Jewellery;Pendant blank anthropomorphic;Albite;;;
;Portable Objects / Artefacts;Stone;Jewellery;Pendant blank anthropomorphic;Amethyst;;;
;Portable Objects / Artefacts;Stone;Jewellery;Pendant blank anthropomorphic;Anorthite;;;
;Portable Objects / Artefacts;Stone;Jewellery;Pendant blank anthropomorphic;Aventurine;;;
;Portable Objects / Artefacts;Stone;Jewellery;Pendant blank anthropomorphic;Barytine;;;
;Portable Objects / Artefacts;Stone;Jewellery;Pendant blank anthropomorphic;Limestone;;;
;Portable Objects / Artefacts;Stone;Jewellery;Pendant blank anthropomorphic;Chalcedony;;;
;Portable Objects / Artefacts;Stone;Jewellery;Pendant blank anthropomorphic;Calcite;;;
;Portable Objects / Artefacts;Stone;Jewellery;Pendant blank anthropomorphic;Chlorite;;;
;Portable Objects / Artefacts;Stone;Jewellery;Pendant blank anthropomorphic;Carnelian;;;
;Portable Objects / Artefacts;Stone;Jewellery;Pendant blank anthropomorphic;Rock crystal;;;
;Portable Objects / Artefacts;Stone;Jewellery;Pendant blank anthropomorphic;Diorite;;;
;Portable Objects / Artefacts;Stone;Jewellery;Pendant blank anthropomorphic;Jasper;;;
;Portable Objects / Artefacts;Stone;Jewellery;Pendant blank anthropomorphic;Jet;;;
;Portable Objects / Artefacts;Stone;Jewellery;Pendant blank anthropomorphic;Malachite;;;
;Portable Objects / Artefacts;Stone;Jewellery;Pendant blank anthropomorphic;Marble;;;
;Portable Objects / Artefacts;Stone;Jewellery;Pendant blank anthropomorphic;Nephrite;;;
;Portable Objects / Artefacts;Stone;Jewellery;Pendant blank anthropomorphic;Paragonite;;;
;Portable Objects / Artefacts;Stone;Jewellery;Pendant blank anthropomorphic;Prehnite;;;
;Portable Objects / Artefacts;Stone;Jewellery;Pendant blank anthropomorphic;Pumpellyite;;;
;Portable Objects / Artefacts;Stone;Jewellery;Pendant blank anthropomorphic;Quartz;;;
;Portable Objects / Artefacts;Stone;Jewellery;Pendant blank anthropomorphic;Serpentine;;;
;Portable Objects / Artefacts;Stone;Jewellery;Pendant blank anthropomorphic;Steatite;;;
;Portable Objects / Artefacts;Stone;Jewellery;Pendant blank anthropomorphic;Sudoite;;;
;Portable Objects / Artefacts;Stone;Jewellery;Pendant blank anthropomorphic;Tufa;;;
;Portable Objects / Artefacts;Stone;Jewellery;Pendant blank anthropomorphic;Turquoise;;;
;Portable Objects / Artefacts;Stone;Jewellery;Pendant blank anthropomorphic;Variscite;;;
;Portable Objects / Artefacts;Stone;Jewellery;Pendant blank anthropomorphic;Other material;;;
;Portable Objects / Artefacts;Stone;Jewellery;Pendant blank anthropomorphic;Undocumented;;;
;Portable Objects / Artefacts;Stone;Jewellery;Pendant blank anthropozoomorphic;Agate;;;
;Portable Objects / Artefacts;Stone;Jewellery;Pendant blank anthropozoomorphic;Albite;;;
;Portable Objects / Artefacts;Stone;Jewellery;Pendant blank anthropozoomorphic;Amethyst;;;
;Portable Objects / Artefacts;Stone;Jewellery;Pendant blank anthropozoomorphic;Anorthite;;;
;Portable Objects / Artefacts;Stone;Jewellery;Pendant blank anthropozoomorphic;Aventurine;;;
;Portable Objects / Artefacts;Stone;Jewellery;Pendant blank anthropozoomorphic;Barite;;;
;Portable Objects / Artefacts;Stone;Jewellery;Pendant blank anthropozoomorphic;Limestone;;;
;Portable Objects / Artefacts;Stone;Jewellery;Pendant blank anthropozoomorphic;Chalcedony;;;
;Portable Objects / Artefacts;Stone;Jewellery;Pendant blank anthropozoomorphic;Calcite;;;
;Portable Objects / Artefacts;Stone;Jewellery;Pendant blank anthropozoomorphic;Chlorite;;;
;Portable Objects / Artefacts;Stone;Jewellery;Pendant blank anthropozoomorphic;Carnelian;;;
;Portable Objects / Artefacts;Stone;Jewellery;Pendant blank anthropozoomorphic;Rock crystal;;;
;Portable Objects / Artefacts;Stone;Jewellery;Pendant blank anthropozoomorphic;Diorite;;;
;Portable Objects / Artefacts;Stone;Jewellery;Pendant blank anthropozoomorphic;Jasper;;;
;Portable Objects / Artefacts;Stone;Jewellery;Pendant blank anthropozoomorphic;Jet;;;
;Portable Objects / Artefacts;Stone;Jewellery;Pendant blank anthropozoomorphic;Malachite;;;
;Portable Objects / Artefacts;Stone;Jewellery;Pendant blank anthropozoomorphic;Marble;;;
;Portable Objects / Artefacts;Stone;Jewellery;Pendant blank anthropozoomorphic;Nephrite;;;
;Portable Objects / Artefacts;Stone;Jewellery;Pendant blank anthropozoomorphic;Paragonite;;;
;Portable Objects / Artefacts;Stone;Jewellery;Pendant blank anthropozoomorphic;Prehnite;;;
;Portable Objects / Artefacts;Stone;Jewellery;Pendant blank anthropozoomorphic;Pumpellyite;;;
;Portable Objects / Artefacts;Stone;Jewellery;Pendant blank anthropozoomorphic;Quartz;;;
;Portable Objects / Artefacts;Stone;Jewellery;Pendant blank anthropozoomorphic;Serpentine;;;
;Portable Objects / Artefacts;Stone;Jewellery;Pendant blank anthropozoomorphic;Steatite;;;
;Portable Objects / Artefacts;Stone;Jewellery;Pendant blank anthropozoomorphic;Sudoite;;;
;Portable Objects / Artefacts;Stone;Jewellery;Pendant blank anthropozoomorphic;Tufa;;;
;Portable Objects / Artefacts;Stone;Jewellery;Pendant blank anthropozoomorphic;Turquoise;;;
;Portable Objects / Artefacts;Stone;Jewellery;Pendant blank anthropozoomorphic;Variscite;;;
;Portable Objects / Artefacts;Stone;Jewellery;Pendant blank anthropozoomorphic;Other material;;;
;Portable Objects / Artefacts;Stone;Jewellery;Pendant blank anthropozoomorphic;Undocumented;;;
;Portable Objects / Artefacts;Stone;Jewellery;Pendant blank other animal;Agate;;;
;Portable Objects / Artefacts;Stone;Jewellery;Pendant blank other animal;Albite;;;
;Portable Objects / Artefacts;Stone;Jewellery;Pendant blank other animal;Amethyst;;;
;Portable Objects / Artefacts;Stone;Jewellery;Pendant blank other animal;Anorthite;;;
;Portable Objects / Artefacts;Stone;Jewellery;Pendant blank other animal;Aventurine;;;
;Portable Objects / Artefacts;Stone;Jewellery;Pendant blank other animal;Barite;;;
;Portable Objects / Artefacts;Stone;Jewellery;Pendant blank other animal;Limestone;;;
;Portable Objects / Artefacts;Stone;Jewellery;Pendant blank other animal;Chalcedony;;;
;Portable Objects / Artefacts;Stone;Jewellery;Pendant blank other animal;Calcite;;;
;Portable Objects / Artefacts;Stone;Jewellery;Pendant blank other animal;Chlorite;;;
;Portable Objects / Artefacts;Stone;Jewellery;Pendant blank other animal;Carnelian;;;
;Portable Objects / Artefacts;Stone;Jewellery;Pendant blank other animal;Rock crystal;;;
;Portable Objects / Artefacts;Stone;Jewellery;Pendant blank other animal;Diorite;;;
;Portable Objects / Artefacts;Stone;Jewellery;Pendant blank other animal;Jasper;;;
;Portable Objects / Artefacts;Stone;Jewellery;Pendant blank other animal;Jet;;;
;Portable Objects / Artefacts;Stone;Jewellery;Pendant blank other animal;Malachite;;;
;Portable Objects / Artefacts;Stone;Jewellery;Pendant blank other animal;Marble;;;
;Portable Objects / Artefacts;Stone;Jewellery;Pendant blank other animal;Nephrite;;;
;Portable Objects / Artefacts;Stone;Jewellery;Pendant blank other animal;Paragonite;;;
;Portable Objects / Artefacts;Stone;Jewellery;Pendant blank other animal;Prehnite;;;
;Portable Objects / Artefacts;Stone;Jewellery;Pendant blank other animal;Pumpellyite;;;
;Portable Objects / Artefacts;Stone;Jewellery;Pendant blank other animal;Quartz;;;
;Portable Objects / Artefacts;Stone;Jewellery;Pendant blank other animal;Serpentine;;;
;Portable Objects / Artefacts;Stone;Jewellery;Pendant blank other animal;Steatite;;;
;Portable Objects / Artefacts;Stone;Jewellery;Pendant blank other animal;Sudoite;;;
;Portable Objects / Artefacts;Stone;Jewellery;Pendant blank other animal;Tufa;;;
;Portable Objects / Artefacts;Stone;Jewellery;Pendant blank other animal;Turquoise;;;
;Portable Objects / Artefacts;Stone;Jewellery;Pendant blank other animal;Variscite;;;
;Portable Objects / Artefacts;Stone;Jewellery;Pendant blank other animal;Other material;;;
;Portable Objects / Artefacts;Stone;Jewellery;Pendant blank other animal;Undocumented;;;
;Portable Objects / Artefacts;Stone;Jewellery;Pendant blank undetermined shape;Agate;;;
;Portable Objects / Artefacts;Stone;Jewellery;Pendant blank undetermined shape;Albite;;;
;Portable Objects / Artefacts;Stone;Jewellery;Pendant blank undetermined shape;Amethyst;;;
;Portable Objects / Artefacts;Stone;Jewellery;Pendant blank undetermined shape;Anorthite;;;
;Portable Objects / Artefacts;Stone;Jewellery;Pendant blank undetermined shape;Aventurine;;;
;Portable Objects / Artefacts;Stone;Jewellery;Pendant blank undetermined shape;Barite;;;
;Portable Objects / Artefacts;Stone;Jewellery;Pendant blank undetermined shape;Limestone;;;
;Portable Objects / Artefacts;Stone;Jewellery;Pendant blank undetermined shape;Chalcedony;;;
;Portable Objects / Artefacts;Stone;Jewellery;Pendant blank undetermined shape;Calcite;;;
;Portable Objects / Artefacts;Stone;Jewellery;Pendant blank undetermined shape;Chlorite;;;
;Portable Objects / Artefacts;Stone;Jewellery;Pendant blank undetermined shape;Carnelian;;;
;Portable Objects / Artefacts;Stone;Jewellery;Pendant blank undetermined shape;Rock crystal;;;
;Portable Objects / Artefacts;Stone;Jewellery;Pendant blank undetermined shape;Diorite;;;
;Portable Objects / Artefacts;Stone;Jewellery;Pendant blank undetermined shape;Jasper;;;
;Portable Objects / Artefacts;Stone;Jewellery;Pendant blank undetermined shape;Jet;;;
;Portable Objects / Artefacts;Stone;Jewellery;Pendant blank undetermined shape;Malachite;;;
;Portable Objects / Artefacts;Stone;Jewellery;Pendant blank undetermined shape;Marble;;;
;Portable Objects / Artefacts;Stone;Jewellery;Pendant blank undetermined shape;Nephrite;;;
;Portable Objects / Artefacts;Stone;Jewellery;Pendant blank undetermined shape;Paragonite;;;
;Portable Objects / Artefacts;Stone;Jewellery;Pendant blank undetermined shape;Prehnite;;;
;Portable Objects / Artefacts;Stone;Jewellery;Pendant blank undetermined shape;Pumpellyite;;;
;Portable Objects / Artefacts;Stone;Jewellery;Pendant blank undetermined shape;Quartz;;;
;Portable Objects / Artefacts;Stone;Jewellery;Pendant blank undetermined shape;Serpentine;;;
;Portable Objects / Artefacts;Stone;Jewellery;Pendant blank undetermined shape;Steatite;;;
;Portable Objects / Artefacts;Stone;Jewellery;Pendant blank undetermined shape;Sudoite;;;
;Portable Objects / Artefacts;Stone;Jewellery;Pendant blank undetermined shape;Tufa;;;
;Portable Objects / Artefacts;Stone;Jewellery;Pendant blank undetermined shape;Turquoise;;;
;Portable Objects / Artefacts;Stone;Jewellery;Pendant blank undetermined shape;Variscite;;;
;Portable Objects / Artefacts;Stone;Jewellery;Pendant blank undetermined shape;Other material;;;
;Portable Objects / Artefacts;Stone;Jewellery;Pendant blank undetermined shape;Undocumented;;;
;Portable Objects / Artefacts;Stone;Jewellery;Bead discoid;Agate;;;
;Portable Objects / Artefacts;Stone;Jewellery;Bead discoid;Albite;;;
;Portable Objects / Artefacts;Stone;Jewellery;Bead discoid;Amethyst;;;
;Portable Objects / Artefacts;Stone;Jewellery;Bead discoid;Anorthite;;;
;Portable Objects / Artefacts;Stone;Jewellery;Bead discoid;Aventurine;;;
;Portable Objects / Artefacts;Stone;Jewellery;Bead discoid;Barite;;;
;Portable Objects / Artefacts;Stone;Jewellery;Bead discoid;Limestone;;;
;Portable Objects / Artefacts;Stone;Jewellery;Bead discoid;Chalcedony;;;
;Portable Objects / Artefacts;Stone;Jewellery;Bead discoid;Calcite;;;
;Portable Objects / Artefacts;Stone;Jewellery;Bead discoid;Chlorite;;;
;Portable Objects / Artefacts;Stone;Jewellery;Bead discoid;Carnelian;;;
;Portable Objects / Artefacts;Stone;Jewellery;Bead discoid;Rock crystal;;;
;Portable Objects / Artefacts;Stone;Jewellery;Bead discoid;Diorite;;;
;Portable Objects / Artefacts;Stone;Jewellery;Bead discoid;Jasper;;;
;Portable Objects / Artefacts;Stone;Jewellery;Bead discoid;Jet;;;
;Portable Objects / Artefacts;Stone;Jewellery;Bead discoid;Malachite;;;
;Portable Objects / Artefacts;Stone;Jewellery;Bead discoid;Marble;;;
;Portable Objects / Artefacts;Stone;Jewellery;Bead discoid;Nephrite;;;
;Portable Objects / Artefacts;Stone;Jewellery;Bead discoid;Paragonite;;;
;Portable Objects / Artefacts;Stone;Jewellery;Bead discoid;Prehnite;;;
;Portable Objects / Artefacts;Stone;Jewellery;Bead discoid;Pumpellyite;;;
;Portable Objects / Artefacts;Stone;Jewellery;Bead discoid;Quartz;;;
;Portable Objects / Artefacts;Stone;Jewellery;Bead discoid;Serpentine;;;
;Portable Objects / Artefacts;Stone;Jewellery;Bead discoid;Steatite;;;
;Portable Objects / Artefacts;Stone;Jewellery;Bead discoid;Sudoite;;;
;Portable Objects / Artefacts;Stone;Jewellery;Bead discoid;Tufa;;;
;Portable Objects / Artefacts;Stone;Jewellery;Bead discoid;Turquoise;;;
;Portable Objects / Artefacts;Stone;Jewellery;Bead discoid;Variscite;;;
;Portable Objects / Artefacts;Stone;Jewellery;Bead discoid;Other material;;;
;Portable Objects / Artefacts;Stone;Jewellery;Bead discoid;Undocumented;;;
;Portable Objects / Artefacts;Stone;Jewellery;Bead cylindrical;Agate;;;
;Portable Objects / Artefacts;Stone;Jewellery;Bead cylindrical;Albite;;;
;Portable Objects / Artefacts;Stone;Jewellery;Bead cylindrical;Amethyst;;;
;Portable Objects / Artefacts;Stone;Jewellery;Bead cylindrical;Anorthite;;;
;Portable Objects / Artefacts;Stone;Jewellery;Bead cylindrical;Aventurine;;;
;Portable Objects / Artefacts;Stone;Jewellery;Bead cylindrical;Barite;;;
;Portable Objects / Artefacts;Stone;Jewellery;Bead cylindrical;Limestone;;;
;Portable Objects / Artefacts;Stone;Jewellery;Bead cylindrical;Chalcedony;;;
;Portable Objects / Artefacts;Stone;Jewellery;Bead cylindrical;Calcite;;;
;Portable Objects / Artefacts;Stone;Jewellery;Bead cylindrical;Chlorite;;;
;Portable Objects / Artefacts;Stone;Jewellery;Bead cylindrical;Carnelian;;;
;Portable Objects / Artefacts;Stone;Jewellery;Bead cylindrical;Rock crystal;;;
;Portable Objects / Artefacts;Stone;Jewellery;Bead cylindrical;Diorite;;;
;Portable Objects / Artefacts;Stone;Jewellery;Bead cylindrical;Jasper;;;
;Portable Objects / Artefacts;Stone;Jewellery;Bead cylindrical;Jet;;;
;Portable Objects / Artefacts;Stone;Jewellery;Bead cylindrical;Malachite;;;
;Portable Objects / Artefacts;Stone;Jewellery;Bead cylindrical;Marbre;;;
;Portable Objects / Artefacts;Stone;Jewellery;Bead cylindrical;Nephrite;;;
;Portable Objects / Artefacts;Stone;Jewellery;Bead cylindrical;Paragonite;;;
;Portable Objects / Artefacts;Stone;Jewellery;Bead cylindrical;Prehnite;;;
;Portable Objects / Artefacts;Stone;Jewellery;Bead cylindrical;Pumpellyite;;;
;Portable Objects / Artefacts;Stone;Jewellery;Bead cylindrical;Quartz;;;
;Portable Objects / Artefacts;Stone;Jewellery;Bead cylindrical;Serpentine;;;
;Portable Objects / Artefacts;Stone;Jewellery;Bead cylindrical;Steatite;;;
;Portable Objects / Artefacts;Stone;Jewellery;Bead cylindrical;Sudoite;;;
;Portable Objects / Artefacts;Stone;Jewellery;Bead cylindrical;Tufa;;;
;Portable Objects / Artefacts;Stone;Jewellery;Bead cylindrical;Turquoise;;;
;Portable Objects / Artefacts;Stone;Jewellery;Bead cylindrical;Variscite;;;
;Portable Objects / Artefacts;Stone;Jewellery;Bead cylindrical;Other material;;;
;Portable Objects / Artefacts;Stone;Jewellery;Bead cylindrical;Undocumented;;;
;Portable Objects / Artefacts;Stone;Jewellery;Bead barrel;Agate;;;
;Portable Objects / Artefacts;Stone;Jewellery;Bead barrel;Albite;;;
;Portable Objects / Artefacts;Stone;Jewellery;Bead barrel;Amethyst;;;
;Portable Objects / Artefacts;Stone;Jewellery;Bead barrel;Anorthite;;;
;Portable Objects / Artefacts;Stone;Jewellery;Bead barrel;Aventurine;;;
;Portable Objects / Artefacts;Stone;Jewellery;Bead barrel;Barite;;;
;Portable Objects / Artefacts;Stone;Jewellery;Bead barrel;Limestone;;;
;Portable Objects / Artefacts;Stone;Jewellery;Bead barrel;Chalcedony;;;
;Portable Objects / Artefacts;Stone;Jewellery;Bead barrel;Calcite;;;
;Portable Objects / Artefacts;Stone;Jewellery;Bead barrel;Chlorite;;;
;Portable Objects / Artefacts;Stone;Jewellery;Bead barrel;Carnelian;;;
;Portable Objects / Artefacts;Stone;Jewellery;Bead barrel;Rock crystal;;;
;Portable Objects / Artefacts;Stone;Jewellery;Bead barrel;Diorite;;;
;Portable Objects / Artefacts;Stone;Jewellery;Bead barrel;Jasper;;;
;Portable Objects / Artefacts;Stone;Jewellery;Bead barrel;Jet;;;
;Portable Objects / Artefacts;Stone;Jewellery;Bead barrel;Malachite;;;
;Portable Objects / Artefacts;Stone;Jewellery;Bead barrel;Marble;;;
;Portable Objects / Artefacts;Stone;Jewellery;Bead barrel;Nephrite;;;
;Portable Objects / Artefacts;Stone;Jewellery;Bead barrel;Paragonite;;;
;Portable Objects / Artefacts;Stone;Jewellery;Bead barrel;Prehnite;;;
;Portable Objects / Artefacts;Stone;Jewellery;Bead barrel;Pumpellyite;;;
;Portable Objects / Artefacts;Stone;Jewellery;Bead barrel;Quartz;;;
;Portable Objects / Artefacts;Stone;Jewellery;Bead barrel;Serpentine;;;
;Portable Objects / Artefacts;Stone;Jewellery;Bead barrel;Steatite;;;
;Portable Objects / Artefacts;Stone;Jewellery;Bead barrel;Sudoite;;;
;Portable Objects / Artefacts;Stone;Jewellery;Bead barrel;Tufa;;;
;Portable Objects / Artefacts;Stone;Jewellery;Bead barrel;Turquoise;;;
;Portable Objects / Artefacts;Stone;Jewellery;Bead barrel;Variscite;;;
;Portable Objects / Artefacts;Stone;Jewellery;Bead barrel;Other material;;;
;Portable Objects / Artefacts;Stone;Jewellery;Bead barrel;Undocumented;;;
;Portable Objects / Artefacts;Stone;Jewellery;Bead bitronconical;Agate;;;
;Portable Objects / Artefacts;Stone;Jewellery;Bead bitronconical;Albite;;;
;Portable Objects / Artefacts;Stone;Jewellery;Bead bitronconical;Amethyst;;;
;Portable Objects / Artefacts;Stone;Jewellery;Bead bitronconical;Anorthite;;;
;Portable Objects / Artefacts;Stone;Jewellery;Bead bitronconical;Aventurine;;;
;Portable Objects / Artefacts;Stone;Jewellery;Bead bitronconical;Barite;;;
;Portable Objects / Artefacts;Stone;Jewellery;Bead bitronconical;Limestone;;;
;Portable Objects / Artefacts;Stone;Jewellery;Bead bitronconical;Chalcedony;;;
;Portable Objects / Artefacts;Stone;Jewellery;Bead bitronconical;Calcite;;;
;Portable Objects / Artefacts;Stone;Jewellery;Bead bitronconical;Chlorite;;;
;Portable Objects / Artefacts;Stone;Jewellery;Bead bitronconical;Carnelian;;;
;Portable Objects / Artefacts;Stone;Jewellery;Bead bitronconical;Rock crystal;;;
;Portable Objects / Artefacts;Stone;Jewellery;Bead bitronconical;Diorite;;;
;Portable Objects / Artefacts;Stone;Jewellery;Bead bitronconical;Jasper;;;
;Portable Objects / Artefacts;Stone;Jewellery;Bead bitronconical;Jet;;;
;Portable Objects / Artefacts;Stone;Jewellery;Bead bitronconical;Malachite;;;
;Portable Objects / Artefacts;Stone;Jewellery;Bead bitronconical;Marble;;;
;Portable Objects / Artefacts;Stone;Jewellery;Bead bitronconical;Nephrite;;;
;Portable Objects / Artefacts;Stone;Jewellery;Bead bitronconical;Paragonite;;;
;Portable Objects / Artefacts;Stone;Jewellery;Bead bitronconical;Prehnite;;;
;Portable Objects / Artefacts;Stone;Jewellery;Bead bitronconical;Pumpellyite;;;
;Portable Objects / Artefacts;Stone;Jewellery;Bead bitronconical;Quartz;;;
;Portable Objects / Artefacts;Stone;Jewellery;Bead bitronconical;Serpentine;;;
;Portable Objects / Artefacts;Stone;Jewellery;Bead bitronconical;Steatite;;;
;Portable Objects / Artefacts;Stone;Jewellery;Bead bitronconical;Sudoite;;;
;Portable Objects / Artefacts;Stone;Jewellery;Bead bitronconical;Tufa;;;
;Portable Objects / Artefacts;Stone;Jewellery;Bead bitronconical;Turquoise;;;
;Portable Objects / Artefacts;Stone;Jewellery;Bead bitronconical;Variscite;;;
;Portable Objects / Artefacts;Stone;Jewellery;Bead bitronconical;Other material;;;
;Portable Objects / Artefacts;Stone;Jewellery;Bead bitronconical;Undocumented;;;
;Portable Objects / Artefacts;Stone;Jewellery;Bead spherical;Agate;;;
;Portable Objects / Artefacts;Stone;Jewellery;Bead spherical;Albite;;;
;Portable Objects / Artefacts;Stone;Jewellery;Bead spherical;Amethyst;;;
;Portable Objects / Artefacts;Stone;Jewellery;Bead spherical;Anorthite;;;
;Portable Objects / Artefacts;Stone;Jewellery;Bead spherical;Aventurine;;;
;Portable Objects / Artefacts;Stone;Jewellery;Bead spherical;Barite;;;
;Portable Objects / Artefacts;Stone;Jewellery;Bead spherical;Limestone;;;
;Portable Objects / Artefacts;Stone;Jewellery;Bead spherical;Chalcedony;;;
;Portable Objects / Artefacts;Stone;Jewellery;Bead spherical;Calcite;;;
;Portable Objects / Artefacts;Stone;Jewellery;Bead spherical;Chlorite;;;
;Portable Objects / Artefacts;Stone;Jewellery;Bead spherical;Carnelian;;;
;Portable Objects / Artefacts;Stone;Jewellery;Bead spherical;Rock crystal;;;
;Portable Objects / Artefacts;Stone;Jewellery;Bead spherical;Diorite;;;
;Portable Objects / Artefacts;Stone;Jewellery;Bead spherical;Jasper;;;
;Portable Objects / Artefacts;Stone;Jewellery;Bead spherical;Jet;;;
;Portable Objects / Artefacts;Stone;Jewellery;Bead spherical;Malachite;;;
;Portable Objects / Artefacts;Stone;Jewellery;Bead spherical;Marble;;;
;Portable Objects / Artefacts;Stone;Jewellery;Bead spherical;Nephrite;;;
;Portable Objects / Artefacts;Stone;Jewellery;Bead spherical;Paragonite;;;
;Portable Objects / Artefacts;Stone;Jewellery;Bead spherical;Prehnite;;;
;Portable Objects / Artefacts;Stone;Jewellery;Bead spherical;Pumpellyite;;;
;Portable Objects / Artefacts;Stone;Jewellery;Bead spherical;Quartz;;;
;Portable Objects / Artefacts;Stone;Jewellery;Bead spherical;Serpentine;;;
;Portable Objects / Artefacts;Stone;Jewellery;Bead spherical;Steatite;;;
;Portable Objects / Artefacts;Stone;Jewellery;Bead spherical;Sudoite;;;
;Portable Objects / Artefacts;Stone;Jewellery;Bead spherical;Tufa;;;
;Portable Objects / Artefacts;Stone;Jewellery;Bead spherical;Turquoise;;;
;Portable Objects / Artefacts;Stone;Jewellery;Bead spherical;Variscite;;;
;Portable Objects / Artefacts;Stone;Jewellery;Bead spherical;Other material;;;
;Portable Objects / Artefacts;Stone;Jewellery;Bead spherical;Undocumented;;;
;Portable Objects / Artefacts;Stone;Jewellery;Bead plano-convex;Agate;;;
;Portable Objects / Artefacts;Stone;Jewellery;Bead plano-convex;Albite;;;
;Portable Objects / Artefacts;Stone;Jewellery;Bead plano-convex;Amethyst;;;
;Portable Objects / Artefacts;Stone;Jewellery;Bead plano-convex;Anorthite;;;
;Portable Objects / Artefacts;Stone;Jewellery;Bead plano-convex;Aventurine;;;
;Portable Objects / Artefacts;Stone;Jewellery;Bead plano-convex;Barite;;;
;Portable Objects / Artefacts;Stone;Jewellery;Bead plano-convex;Limestone;;;
;Portable Objects / Artefacts;Stone;Jewellery;Bead plano-convex;Chalcedony;;;
;Portable Objects / Artefacts;Stone;Jewellery;Bead plano-convex;Calcite;;;
;Portable Objects / Artefacts;Stone;Jewellery;Bead plano-convex;Chlorite;;;
;Portable Objects / Artefacts;Stone;Jewellery;Bead plano-convex;Carnelian;;;
;Portable Objects / Artefacts;Stone;Jewellery;Bead plano-convex;Rock crystal;;;
;Portable Objects / Artefacts;Stone;Jewellery;Bead plano-convex;Diorite;;;
;Portable Objects / Artefacts;Stone;Jewellery;Bead plano-convex;Jasper;;;
;Portable Objects / Artefacts;Stone;Jewellery;Bead plano-convex;Jet;;;
;Portable Objects / Artefacts;Stone;Jewellery;Bead plano-convex;Malachite;;;
;Portable Objects / Artefacts;Stone;Jewellery;Bead plano-convex;Marble;;;
;Portable Objects / Artefacts;Stone;Jewellery;Bead plano-convex;Nephrite;;;
;Portable Objects / Artefacts;Stone;Jewellery;Bead plano-convex;Paragonite;;;
;Portable Objects / Artefacts;Stone;Jewellery;Bead plano-convex;Prehnite;;;
;Portable Objects / Artefacts;Stone;Jewellery;Bead plano-convex;Pumpellyite;;;
;Portable Objects / Artefacts;Stone;Jewellery;Bead plano-convex;Quartz;;;
;Portable Objects / Artefacts;Stone;Jewellery;Bead plano-convex;Serpentine;;;
;Portable Objects / Artefacts;Stone;Jewellery;Bead plano-convex;Steatite;;;
;Portable Objects / Artefacts;Stone;Jewellery;Bead plano-convex;Sudoite;;;
;Portable Objects / Artefacts;Stone;Jewellery;Bead plano-convex;Tufa;;;
;Portable Objects / Artefacts;Stone;Jewellery;Bead plano-convex;Turquoise;;;
;Portable Objects / Artefacts;Stone;Jewellery;Bead plano-convex;Variscite;;;
;Portable Objects / Artefacts;Stone;Jewellery;Bead plano-convex;Other material;;;
;Portable Objects / Artefacts;Stone;Jewellery;Bead plano-convex;Undocumented;;;
;Portable Objects / Artefacts;Stone;Jewellery;Bead other shape;Agate;;;
;Portable Objects / Artefacts;Stone;Jewellery;Bead other shape;Albite;;;
;Portable Objects / Artefacts;Stone;Jewellery;Bead other shape;Amethyst;;;
;Portable Objects / Artefacts;Stone;Jewellery;Bead other shape;Anorthite;;;
;Portable Objects / Artefacts;Stone;Jewellery;Bead other shape;Aventurine;;;
;Portable Objects / Artefacts;Stone;Jewellery;Bead other shape;Barite;;;
;Portable Objects / Artefacts;Stone;Jewellery;Bead other shape;Limestone;;;
;Portable Objects / Artefacts;Stone;Jewellery;Bead other shape;Chalcedony;;;
;Portable Objects / Artefacts;Stone;Jewellery;Bead other shape;Calcite;;;
;Portable Objects / Artefacts;Stone;Jewellery;Bead other shape;Chlorite;;;
;Portable Objects / Artefacts;Stone;Jewellery;Bead other shape;Carnelian;;;
;Portable Objects / Artefacts;Stone;Jewellery;Bead other shape;Rock crystal;;;
;Portable Objects / Artefacts;Stone;Jewellery;Bead other shape;Diorite;;;
;Portable Objects / Artefacts;Stone;Jewellery;Bead other shape;Jasper;;;
;Portable Objects / Artefacts;Stone;Jewellery;Bead other shape;Jet;;;
;Portable Objects / Artefacts;Stone;Jewellery;Bead other shape;Malachite;;;
;Portable Objects / Artefacts;Stone;Jewellery;Bead other shape;Marble;;;
;Portable Objects / Artefacts;Stone;Jewellery;Bead other shape;Nephrite;;;
;Portable Objects / Artefacts;Stone;Jewellery;Bead other shape;Paragonite;;;
;Portable Objects / Artefacts;Stone;Jewellery;Bead other shape;Prehnite;;;
;Portable Objects / Artefacts;Stone;Jewellery;Bead other shape;Pumpellyite;;;
;Portable Objects / Artefacts;Stone;Jewellery;Bead other shape;Quartz;;;
;Portable Objects / Artefacts;Stone;Jewellery;Bead other shape;Serpentine;;;
;Portable Objects / Artefacts;Stone;Jewellery;Bead other shape;Steatite;;;
;Portable Objects / Artefacts;Stone;Jewellery;Bead other shape;Sudoite;;;
;Portable Objects / Artefacts;Stone;Jewellery;Bead other shape;Tufa;;;
;Portable Objects / Artefacts;Stone;Jewellery;Bead other shape;Turquoise;;;
;Portable Objects / Artefacts;Stone;Jewellery;Bead other shape;Variscite;;;
;Portable Objects / Artefacts;Stone;Jewellery;Bead other shape;Other material;;;
;Portable Objects / Artefacts;Stone;Jewellery;Bead other shape;Undocumented;;;
;Portable Objects / Artefacts;Stone;Jewellery;Bead undetermined;Agate;;;
;Portable Objects / Artefacts;Stone;Jewellery;Bead undetermined;Albite;;;
;Portable Objects / Artefacts;Stone;Jewellery;Bead undetermined;Amethyst;;;
;Portable Objects / Artefacts;Stone;Jewellery;Bead undetermined;Anorthite;;;
;Portable Objects / Artefacts;Stone;Jewellery;Bead undetermined;Aventurine;;;
;Portable Objects / Artefacts;Stone;Jewellery;Bead undetermined;Barite;;;
;Portable Objects / Artefacts;Stone;Jewellery;Bead undetermined;Limestone;;;
;Portable Objects / Artefacts;Stone;Jewellery;Bead undetermined;Chalcedony;;;
;Portable Objects / Artefacts;Stone;Jewellery;Bead undetermined;Calcite;;;
;Portable Objects / Artefacts;Stone;Jewellery;Bead undetermined;Chlorite;;;
;Portable Objects / Artefacts;Stone;Jewellery;Bead undetermined;Carnelian;;;
;Portable Objects / Artefacts;Stone;Jewellery;Bead undetermined;Rock crystal;;;
;Portable Objects / Artefacts;Stone;Jewellery;Bead undetermined;Diorite;;;
;Portable Objects / Artefacts;Stone;Jewellery;Bead undetermined;Jasper;;;
;Portable Objects / Artefacts;Stone;Jewellery;Bead undetermined;Jet;;;
;Portable Objects / Artefacts;Stone;Jewellery;Bead undetermined;Malachite;;;
;Portable Objects / Artefacts;Stone;Jewellery;Bead undetermined;Marble;;;
;Portable Objects / Artefacts;Stone;Jewellery;Bead undetermined;Nephrite;;;
;Portable Objects / Artefacts;Stone;Jewellery;Bead undetermined;Paragonite;;;
;Portable Objects / Artefacts;Stone;Jewellery;Bead undetermined;Prehnite;;;
;Portable Objects / Artefacts;Stone;Jewellery;Bead undetermined;Pumpellyite;;;
;Portable Objects / Artefacts;Stone;Jewellery;Bead undetermined;Quartz;;;
;Portable Objects / Artefacts;Stone;Jewellery;Bead undetermined;Serpentine;;;
;Portable Objects / Artefacts;Stone;Jewellery;Bead undetermined;Steatite;;;
;Portable Objects / Artefacts;Stone;Jewellery;Bead undetermined;Sudoite;;;
;Portable Objects / Artefacts;Stone;Jewellery;Bead undetermined;Tufa;;;
;Portable Objects / Artefacts;Stone;Jewellery;Bead undetermined;Turquoise;;;
;Portable Objects / Artefacts;Stone;Jewellery;Bead undetermined;Variscite;;;
;Portable Objects / Artefacts;Stone;Jewellery;Bead undetermined;Other material;;;
;Portable Objects / Artefacts;Stone;Jewellery;Bead undetermined;Undocumented;;;
;Portable Objects / Artefacts;Stone;Jewellery;Bead blank discoid;Nephrite;;;
;Portable Objects / Artefacts;Stone;Jewellery;Bead blank discoid;Undocumented;;;
;Portable Objects / Artefacts;Stone;Jewellery;Bead blank discoid;Other material;;;
;Portable Objects / Artefacts;Stone;Jewellery;Bead blank discoid;Variscite;;;
;Portable Objects / Artefacts;Stone;Jewellery;Bead blank discoid;Turquoise;;;
;Portable Objects / Artefacts;Stone;Jewellery;Bead blank discoid;Tufa;;;
;Portable Objects / Artefacts;Stone;Jewellery;Bead blank discoid;Sudoite;;;
;Portable Objects / Artefacts;Stone;Jewellery;Bead blank discoid;Steatite;;;
;Portable Objects / Artefacts;Stone;Jewellery;Bead blank discoid;Serpentine;;;
;Portable Objects / Artefacts;Stone;Jewellery;Bead blank discoid;Quartz;;;
;Portable Objects / Artefacts;Stone;Jewellery;Bead blank discoid;Pumpellyite;;;
;Portable Objects / Artefacts;Stone;Jewellery;Bead blank discoid;Prehnite;;;
;Portable Objects / Artefacts;Stone;Jewellery;Bead blank discoid;Paragonite;;;
;Portable Objects / Artefacts;Stone;Jewellery;Bead blank discoid;Agate;;;
;Portable Objects / Artefacts;Stone;Jewellery;Bead blank discoid;Albite;;;
;Portable Objects / Artefacts;Stone;Jewellery;Bead blank discoid;Amethyst;;;
;Portable Objects / Artefacts;Stone;Jewellery;Bead blank discoid;Anorthite;;;
;Portable Objects / Artefacts;Stone;Jewellery;Bead blank discoid;Aventurine;;;
;Portable Objects / Artefacts;Stone;Jewellery;Bead blank discoid;Barite;;;
;Portable Objects / Artefacts;Stone;Jewellery;Bead blank discoid;Limestone;;;
;Portable Objects / Artefacts;Stone;Jewellery;Bead blank discoid;Chalcedony;;;
;Portable Objects / Artefacts;Stone;Jewellery;Bead blank discoid;Calcite;;;
;Portable Objects / Artefacts;Stone;Jewellery;Bead blank discoid;Chlorite;;;
;Portable Objects / Artefacts;Stone;Jewellery;Bead blank discoid;Carnelian;;;
;Portable Objects / Artefacts;Stone;Jewellery;Bead blank discoid;Rock crystal;;;
;Portable Objects / Artefacts;Stone;Jewellery;Bead blank discoid;Diorite;;;
;Portable Objects / Artefacts;Stone;Jewellery;Bead blank discoid;Jasper;;;
;Portable Objects / Artefacts;Stone;Jewellery;Bead blank discoid;Jet;;;
;Portable Objects / Artefacts;Stone;Jewellery;Bead blank discoid;Malachite;;;
;Portable Objects / Artefacts;Stone;Jewellery;Bead blank discoid;Marble;;;
;Portable Objects / Artefacts;Stone;Jewellery;Bead blank cylindrical;Agate;;;
;Portable Objects / Artefacts;Stone;Jewellery;Bead blank cylindrical;Albite;;;
;Portable Objects / Artefacts;Stone;Jewellery;Bead blank cylindrical;Amethyst;;;
;Portable Objects / Artefacts;Stone;Jewellery;Bead blank cylindrical;Anorthite;;;
;Portable Objects / Artefacts;Stone;Jewellery;Bead blank cylindrical;Aventurine;;;
;Portable Objects / Artefacts;Stone;Jewellery;Bead blank cylindrical;Barite;;;
;Portable Objects / Artefacts;Stone;Jewellery;Bead blank cylindrical;Limestone;;;
;Portable Objects / Artefacts;Stone;Jewellery;Bead blank cylindrical;Chalcedony;;;
;Portable Objects / Artefacts;Stone;Jewellery;Bead blank cylindrical;Calcite;;;
;Portable Objects / Artefacts;Stone;Jewellery;Bead blank cylindrical;Chlorite;;;
;Portable Objects / Artefacts;Stone;Jewellery;Bead blank cylindrical;Carnelian;;;
;Portable Objects / Artefacts;Stone;Jewellery;Bead blank cylindrical;Rock crystal;;;
;Portable Objects / Artefacts;Stone;Jewellery;Bead blank cylindrical;Diorite;;;
;Portable Objects / Artefacts;Stone;Jewellery;Bead blank cylindrical;Jasper;;;
;Portable Objects / Artefacts;Stone;Jewellery;Bead blank cylindrical;Jet;;;
;Portable Objects / Artefacts;Stone;Jewellery;Bead blank cylindrical;Malachite;;;
;Portable Objects / Artefacts;Stone;Jewellery;Bead blank cylindrical;Marble;;;
;Portable Objects / Artefacts;Stone;Jewellery;Bead blank cylindrical;Nephrite;;;
;Portable Objects / Artefacts;Stone;Jewellery;Bead blank cylindrical;Paragonite;;;
;Portable Objects / Artefacts;Stone;Jewellery;Bead blank cylindrical;Prehnite;;;
;Portable Objects / Artefacts;Stone;Jewellery;Bead blank cylindrical;Pumpellyite;;;
;Portable Objects / Artefacts;Stone;Jewellery;Bead blank cylindrical;Quartz;;;
;Portable Objects / Artefacts;Stone;Jewellery;Bead blank cylindrical;Serpentine;;;
;Portable Objects / Artefacts;Stone;Jewellery;Bead blank cylindrical;Steatite;;;
;Portable Objects / Artefacts;Stone;Jewellery;Bead blank cylindrical;Sudoite;;;
;Portable Objects / Artefacts;Stone;Jewellery;Bead blank cylindrical;Tufa;;;
;Portable Objects / Artefacts;Stone;Jewellery;Bead blank cylindrical;Turquoise;;;
;Portable Objects / Artefacts;Stone;Jewellery;Bead blank cylindrical;Variscite;;;
;Portable Objects / Artefacts;Stone;Jewellery;Bead blank cylindrical;Other material;;;
;Portable Objects / Artefacts;Stone;Jewellery;Bead blank cylindrical;Undocumented;;;
;Portable Objects / Artefacts;Stone;Jewellery;Bead blank barrel;Agate;;;
;Portable Objects / Artefacts;Stone;Jewellery;Bead blank barrel;Albite;;;
;Portable Objects / Artefacts;Stone;Jewellery;Bead blank barrel;Amethyst;;;
;Portable Objects / Artefacts;Stone;Jewellery;Bead blank barrel;Anorthite;;;
;Portable Objects / Artefacts;Stone;Jewellery;Bead blank barrel;Aventurine;;;
;Portable Objects / Artefacts;Stone;Jewellery;Bead blank barrel;Barite;;;
;Portable Objects / Artefacts;Stone;Jewellery;Bead blank barrel;Limestone;;;
;Portable Objects / Artefacts;Stone;Jewellery;Bead blank barrel;Chalcedony;;;
;Portable Objects / Artefacts;Stone;Jewellery;Bead blank barrel;Calcite;;;
;Portable Objects / Artefacts;Stone;Jewellery;Bead blank barrel;Chlorite;;;
;Portable Objects / Artefacts;Stone;Jewellery;Bead blank barrel;Carnelian;;;
;Portable Objects / Artefacts;Stone;Jewellery;Bead blank barrel;Rock crystal;;;
;Portable Objects / Artefacts;Stone;Jewellery;Bead blank barrel;Diorite;;;
;Portable Objects / Artefacts;Stone;Jewellery;Bead blank barrel;Jasper;;;
;Portable Objects / Artefacts;Stone;Jewellery;Bead blank barrel;Jet;;;
;Portable Objects / Artefacts;Stone;Jewellery;Bead blank barrel;Malachite;;;
;Portable Objects / Artefacts;Stone;Jewellery;Bead blank barrel;Marble;;;
;Portable Objects / Artefacts;Stone;Jewellery;Bead blank barrel;Nephrite;;;
;Portable Objects / Artefacts;Stone;Jewellery;Bead blank barrel;Paragonite;;;
;Portable Objects / Artefacts;Stone;Jewellery;Bead blank barrel;Prehnite;;;
;Portable Objects / Artefacts;Stone;Jewellery;Bead blank barrel;Pumpellyite;;;
;Portable Objects / Artefacts;Stone;Jewellery;Bead blank barrel;Quartz;;;
;Portable Objects / Artefacts;Stone;Jewellery;Bead blank barrel;Serpentine;;;
;Portable Objects / Artefacts;Stone;Jewellery;Bead blank barrel;Steatite;;;
;Portable Objects / Artefacts;Stone;Jewellery;Bead blank barrel;Sudoite;;;
;Portable Objects / Artefacts;Stone;Jewellery;Bead blank barrel;Tufa;;;
;Portable Objects / Artefacts;Stone;Jewellery;Bead blank barrel;Turquoise;;;
;Portable Objects / Artefacts;Stone;Jewellery;Bead blank barrel;Variscite;;;
;Portable Objects / Artefacts;Stone;Jewellery;Bead blank barrel;Other material;;;
;Portable Objects / Artefacts;Stone;Jewellery;Bead blank barrel;Undocumented;;;
;Portable Objects / Artefacts;Stone;Jewellery;Bead blank bitronconical;Agate;;;
;Portable Objects / Artefacts;Stone;Jewellery;Bead blank bitronconical;Albite;;;
;Portable Objects / Artefacts;Stone;Jewellery;Bead blank bitronconical;Amethyst;;;
;Portable Objects / Artefacts;Stone;Jewellery;Bead blank bitronconical;Anorthite;;;
;Portable Objects / Artefacts;Stone;Jewellery;Bead blank bitronconical;Aventurine;;;
;Portable Objects / Artefacts;Stone;Jewellery;Bead blank bitronconical;Barite;;;
;Portable Objects / Artefacts;Stone;Jewellery;Bead blank bitronconical;Limestone;;;
;Portable Objects / Artefacts;Stone;Jewellery;Bead blank bitronconical;Chalcedony;;;
;Portable Objects / Artefacts;Stone;Jewellery;Bead blank bitronconical;Calcite;;;
;Portable Objects / Artefacts;Stone;Jewellery;Bead blank bitronconical;Chlorite;;;
;Portable Objects / Artefacts;Stone;Jewellery;Bead blank bitronconical;Carnelian;;;
;Portable Objects / Artefacts;Stone;Jewellery;Bead blank bitronconical;Rock crystal;;;
;Portable Objects / Artefacts;Stone;Jewellery;Bead blank bitronconical;Diorite;;;
;Portable Objects / Artefacts;Stone;Jewellery;Bead blank bitronconical;Jasper;;;
;Portable Objects / Artefacts;Stone;Jewellery;Bead blank bitronconical;Jet;;;
;Portable Objects / Artefacts;Stone;Jewellery;Bead blank bitronconical;Malachite;;;
;Portable Objects / Artefacts;Stone;Jewellery;Bead blank bitronconical;Marble;;;
;Portable Objects / Artefacts;Stone;Jewellery;Bead blank bitronconical;Nephrite;;;
;Portable Objects / Artefacts;Stone;Jewellery;Bead blank bitronconical;Paragonite;;;
;Portable Objects / Artefacts;Stone;Jewellery;Bead blank bitronconical;Prehnite;;;
;Portable Objects / Artefacts;Stone;Jewellery;Bead blank bitronconical;Pumpellyite;;;
;Portable Objects / Artefacts;Stone;Jewellery;Bead blank bitronconical;Quartz;;;
;Portable Objects / Artefacts;Stone;Jewellery;Bead blank bitronconical;Serpentine;;;
;Portable Objects / Artefacts;Stone;Jewellery;Bead blank bitronconical;Steatite;;;
;Portable Objects / Artefacts;Stone;Jewellery;Bead blank bitronconical;Sudoite;;;
;Portable Objects / Artefacts;Stone;Jewellery;Bead blank bitronconical;Tufa;;;
;Portable Objects / Artefacts;Stone;Jewellery;Bead blank bitronconical;Turquoise;;;
;Portable Objects / Artefacts;Stone;Jewellery;Bead blank bitronconical;Variscite;;;
;Portable Objects / Artefacts;Stone;Jewellery;Bead blank bitronconical;Other material;;;
;Portable Objects / Artefacts;Stone;Jewellery;Bead blank bitronconical;Undocumented;;;
;Portable Objects / Artefacts;Stone;Jewellery;Bead blank spherical;Agate;;;
;Portable Objects / Artefacts;Stone;Jewellery;Bead blank spherical;Albite;;;
;Portable Objects / Artefacts;Stone;Jewellery;Bead blank spherical;Amethyst;;;
;Portable Objects / Artefacts;Stone;Jewellery;Bead blank spherical;Anorthite;;;
;Portable Objects / Artefacts;Stone;Jewellery;Bead blank spherical;Aventurine;;;
;Portable Objects / Artefacts;Stone;Jewellery;Bead blank spherical;Barite;;;
;Portable Objects / Artefacts;Stone;Jewellery;Bead blank spherical;Limestone;;;
;Portable Objects / Artefacts;Stone;Jewellery;Bead blank spherical;Chalcedony;;;
;Portable Objects / Artefacts;Stone;Jewellery;Bead blank spherical;Calcite;;;
;Portable Objects / Artefacts;Stone;Jewellery;Bead blank spherical;Chlorite;;;
;Portable Objects / Artefacts;Stone;Jewellery;Bead blank spherical;Carnelian;;;
;Portable Objects / Artefacts;Stone;Jewellery;Bead blank spherical;Rock crystal;;;
;Portable Objects / Artefacts;Stone;Jewellery;Bead blank spherical;Diorite;;;
;Portable Objects / Artefacts;Stone;Jewellery;Bead blank spherical;Jasper;;;
;Portable Objects / Artefacts;Stone;Jewellery;Bead blank spherical;Jet;;;
;Portable Objects / Artefacts;Stone;Jewellery;Bead blank spherical;Malachite;;;
;Portable Objects / Artefacts;Stone;Jewellery;Bead blank spherical;Marble;;;
;Portable Objects / Artefacts;Stone;Jewellery;Bead blank spherical;Nephrite;;;
;Portable Objects / Artefacts;Stone;Jewellery;Bead blank spherical;Paragonite;;;
;Portable Objects / Artefacts;Stone;Jewellery;Bead blank spherical;Prehnite;;;
;Portable Objects / Artefacts;Stone;Jewellery;Bead blank spherical;Pumpellyite;;;
;Portable Objects / Artefacts;Stone;Jewellery;Bead blank spherical;Quartz;;;
;Portable Objects / Artefacts;Stone;Jewellery;Bead blank spherical;Serpentine;;;
;Portable Objects / Artefacts;Stone;Jewellery;Bead blank spherical;Steatite;;;
;Portable Objects / Artefacts;Stone;Jewellery;Bead blank spherical;Sudoite;;;
;Portable Objects / Artefacts;Stone;Jewellery;Bead blank spherical;Tufa;;;
;Portable Objects / Artefacts;Stone;Jewellery;Bead blank spherical;Turquoise;;;
;Portable Objects / Artefacts;Stone;Jewellery;Bead blank spherical;Variscite;;;
;Portable Objects / Artefacts;Stone;Jewellery;Bead blank spherical;Other material;;;
;Portable Objects / Artefacts;Stone;Jewellery;Bead blank spherical;Undocumented;;;
;Portable Objects / Artefacts;Stone;Jewellery;Bead blank plano-convex;Agate;;;
;Portable Objects / Artefacts;Stone;Jewellery;Bead blank plano-convex;Albite;;;
;Portable Objects / Artefacts;Stone;Jewellery;Bead blank plano-convex;Amethyst;;;
;Portable Objects / Artefacts;Stone;Jewellery;Bead blank plano-convex;Anorthite;;;
;Portable Objects / Artefacts;Stone;Jewellery;Bead blank plano-convex;Aventurine;;;
;Portable Objects / Artefacts;Stone;Jewellery;Bead blank plano-convex;Barite;;;
;Portable Objects / Artefacts;Stone;Jewellery;Bead blank plano-convex;Limestone;;;
;Portable Objects / Artefacts;Stone;Jewellery;Bead blank plano-convex;Chalcedony;;;
;Portable Objects / Artefacts;Stone;Jewellery;Bead blank plano-convex;Calcite;;;
;Portable Objects / Artefacts;Stone;Jewellery;Bead blank plano-convex;Chlorite;;;
;Portable Objects / Artefacts;Stone;Jewellery;Bead blank plano-convex;Carnelian;;;
;Portable Objects / Artefacts;Stone;Jewellery;Bead blank plano-convex;Rock crystal;;;
;Portable Objects / Artefacts;Stone;Jewellery;Bead blank plano-convex;Diorite;;;
;Portable Objects / Artefacts;Stone;Jewellery;Bead blank plano-convex;Jasper;;;
;Portable Objects / Artefacts;Stone;Jewellery;Bead blank plano-convex;Jet;;;
;Portable Objects / Artefacts;Stone;Jewellery;Bead blank plano-convex;Malachite;;;
;Portable Objects / Artefacts;Stone;Jewellery;Bead blank plano-convex;Marble;;;
;Portable Objects / Artefacts;Stone;Jewellery;Bead blank plano-convex;Nephrite;;;
;Portable Objects / Artefacts;Stone;Jewellery;Bead blank plano-convex;Paragonite;;;
;Portable Objects / Artefacts;Stone;Jewellery;Bead blank plano-convex;Prehnite;;;
;Portable Objects / Artefacts;Stone;Jewellery;Bead blank plano-convex;Pumpellyite;;;
;Portable Objects / Artefacts;Stone;Jewellery;Bead blank plano-convex;Quartz;;;
;Portable Objects / Artefacts;Stone;Jewellery;Bead blank plano-convex;Serpentine;;;
;Portable Objects / Artefacts;Stone;Jewellery;Bead blank plano-convex;Steatite;;;
;Portable Objects / Artefacts;Stone;Jewellery;Bead blank plano-convex;Sudoite;;;
;Portable Objects / Artefacts;Stone;Jewellery;Bead blank plano-convex;Tufa;;;
;Portable Objects / Artefacts;Stone;Jewellery;Bead blank plano-convex;Turquoise;;;
;Portable Objects / Artefacts;Stone;Jewellery;Bead blank plano-convex;Variscite;;;
;Portable Objects / Artefacts;Stone;Jewellery;Bead blank plano-convex;Other material;;;
;Portable Objects / Artefacts;Stone;Jewellery;Bead blank plano-convex;Undocumented;;;
;Portable Objects / Artefacts;Stone;Jewellery;Bead blank other shape;Steatite;;;
;Portable Objects / Artefacts;Stone;Jewellery;Bead blank other shape;Sudoite;;;
;Portable Objects / Artefacts;Stone;Jewellery;Bead blank other shape;Tufa;;;
;Portable Objects / Artefacts;Stone;Jewellery;Bead blank other shape;Turquoise;;;
;Portable Objects / Artefacts;Stone;Jewellery;Bead blank other shape;Variscite;;;
;Portable Objects / Artefacts;Stone;Jewellery;Bead blank other shape;Undocumented;;;
;Portable Objects / Artefacts;Stone;Jewellery;Bead blank other shape;Other material;;;
;Portable Objects / Artefacts;Stone;Jewellery;Bead blank other shape;Agate;;;
;Portable Objects / Artefacts;Stone;Jewellery;Bead blank other shape;Albite;;;
;Portable Objects / Artefacts;Stone;Jewellery;Bead blank other shape;Amethyst;;;
;Portable Objects / Artefacts;Stone;Jewellery;Bead blank other shape;Anorthite;;;
;Portable Objects / Artefacts;Stone;Jewellery;Bead blank other shape;Aventurine;;;
;Portable Objects / Artefacts;Stone;Jewellery;Bead blank other shape;Barite;;;
;Portable Objects / Artefacts;Stone;Jewellery;Bead blank other shape;Limestone;;;
;Portable Objects / Artefacts;Stone;Jewellery;Bead blank other shape;Chalcedony;;;
;Portable Objects / Artefacts;Stone;Jewellery;Bead blank other shape;Calcite;;;
;Portable Objects / Artefacts;Stone;Jewellery;Bead blank other shape;Chlorite;;;
;Portable Objects / Artefacts;Stone;Jewellery;Bead blank other shape;Carnelian;;;
;Portable Objects / Artefacts;Stone;Jewellery;Bead blank other shape;Rock crystal;;;
;Portable Objects / Artefacts;Stone;Jewellery;Bead blank other shape;Diorite;;;
;Portable Objects / Artefacts;Stone;Jewellery;Bead blank other shape;Jasper;;;
;Portable Objects / Artefacts;Stone;Jewellery;Bead blank other shape;Jet;;;
;Portable Objects / Artefacts;Stone;Jewellery;Bead blank other shape;Malachite;;;
;Portable Objects / Artefacts;Stone;Jewellery;Bead blank other shape;Marble;;;
;Portable Objects / Artefacts;Stone;Jewellery;Bead blank other shape;Nephrite;;;
;Portable Objects / Artefacts;Stone;Jewellery;Bead blank other shape;Paragonite;;;
;Portable Objects / Artefacts;Stone;Jewellery;Bead blank other shape;Prehnite;;;
;Portable Objects / Artefacts;Stone;Jewellery;Bead blank other shape;Pumpellyite;;;
;Portable Objects / Artefacts;Stone;Jewellery;Bead blank other shape;Quartz;;;
;Portable Objects / Artefacts;Stone;Jewellery;Bead blank other shape;Serpentine;;;
;Portable Objects / Artefacts;Stone;Jewellery;Bead blank undetermined;Agate;;;
;Portable Objects / Artefacts;Stone;Jewellery;Bead blank undetermined;Albite;;;
;Portable Objects / Artefacts;Stone;Jewellery;Bead blank undetermined;Amethyst;;;
;Portable Objects / Artefacts;Stone;Jewellery;Bead blank undetermined;Anorthite;;;
;Portable Objects / Artefacts;Stone;Jewellery;Bead blank undetermined;Aventurine;;;
;Portable Objects / Artefacts;Stone;Jewellery;Bead blank undetermined;Barite;;;
;Portable Objects / Artefacts;Stone;Jewellery;Bead blank undetermined;Limestone;;;
;Portable Objects / Artefacts;Stone;Jewellery;Bead blank undetermined;Chalcedony;;;
;Portable Objects / Artefacts;Stone;Jewellery;Bead blank undetermined;Calcite;;;
;Portable Objects / Artefacts;Stone;Jewellery;Bead blank undetermined;Chlorite;;;
;Portable Objects / Artefacts;Stone;Jewellery;Bead blank undetermined;Carnelian;;;
;Portable Objects / Artefacts;Stone;Jewellery;Bead blank undetermined;Rock crystal;;;
;Portable Objects / Artefacts;Stone;Jewellery;Bead blank undetermined;Diorite;;;
;Portable Objects / Artefacts;Stone;Jewellery;Bead blank undetermined;Jasper;;;
;Portable Objects / Artefacts;Stone;Jewellery;Bead blank undetermined;Jet;;;
;Portable Objects / Artefacts;Stone;Jewellery;Bead blank undetermined;Malachite;;;
;Portable Objects / Artefacts;Stone;Jewellery;Bead blank undetermined;Marble;;;
;Portable Objects / Artefacts;Stone;Jewellery;Bead blank undetermined;Nephrite;;;
;Portable Objects / Artefacts;Stone;Jewellery;Bead blank undetermined;Paragonite;;;
;Portable Objects / Artefacts;Stone;Jewellery;Bead blank undetermined;Prehnite;;;
;Portable Objects / Artefacts;Stone;Jewellery;Bead blank undetermined;Pumpellyite;;;
;Portable Objects / Artefacts;Stone;Jewellery;Bead blank undetermined;Quartz;;;
;Portable Objects / Artefacts;Stone;Jewellery;Bead blank undetermined;Serpentine;;;
;Portable Objects / Artefacts;Stone;Jewellery;Bead blank undetermined;Steatite;;;
;Portable Objects / Artefacts;Stone;Jewellery;Bead blank undetermined;Sudoite;;;
;Portable Objects / Artefacts;Stone;Jewellery;Bead blank undetermined;Tufa;;;
;Portable Objects / Artefacts;Stone;Jewellery;Bead blank undetermined;Turquoise;;;
;Portable Objects / Artefacts;Stone;Jewellery;Bead blank undetermined;Variscite;;;
;Portable Objects / Artefacts;Stone;Jewellery;Bead blank undetermined;Other material;;;
;Portable Objects / Artefacts;Stone;Jewellery;Bead blank undetermined;Undocumented;;;
;Portable Objects / Artefacts;Stone;Raw material;Undocumented;Agate;;;
;Portable Objects / Artefacts;Stone;Raw material;Undocumented;Albite;;;
;Portable Objects / Artefacts;Stone;Raw material;Undocumented;Amethyst;;;
;Portable Objects / Artefacts;Stone;Raw material;Undocumented;Anorthite;;;
;Portable Objects / Artefacts;Stone;Raw material;Undocumented;Aventurine;;;
;Portable Objects / Artefacts;Stone;Raw material;Undocumented;Barite;;;
;Portable Objects / Artefacts;Stone;Raw material;Undocumented;Limestone;;;
;Portable Objects / Artefacts;Stone;Raw material;Undocumented;Chalcedony;;;
;Portable Objects / Artefacts;Stone;Raw material;Undocumented;Calcite;;;
;Portable Objects / Artefacts;Stone;Raw material;Undocumented;Chlorite;;;
;Portable Objects / Artefacts;Stone;Raw material;Undocumented;Carnelian;;;
;Portable Objects / Artefacts;Stone;Raw material;Undocumented;Rock crystal;;;
;Portable Objects / Artefacts;Stone;Raw material;Undocumented;Diorite;;;
;Portable Objects / Artefacts;Stone;Raw material;Undocumented;Jasper;;;
;Portable Objects / Artefacts;Stone;Raw material;Undocumented;Jet;;;
;Portable Objects / Artefacts;Stone;Raw material;Undocumented;Malachite;;;
;Portable Objects / Artefacts;Stone;Raw material;Undocumented;Marble;;;
;Portable Objects / Artefacts;Stone;Raw material;Undocumented;Nephrite;;;
;Portable Objects / Artefacts;Stone;Raw material;Undocumented;Paragonite;;;
;Portable Objects / Artefacts;Stone;Raw material;Undocumented;Prehnite;;;
;Portable Objects / Artefacts;Stone;Raw material;Undocumented;Pumpellyite;;;
;Portable Objects / Artefacts;Stone;Raw material;Undocumented;Quartz;;;
;Portable Objects / Artefacts;Stone;Raw material;Undocumented;Serpentine;;;
;Portable Objects / Artefacts;Stone;Raw material;Undocumented;Steatite;;;
;Portable Objects / Artefacts;Stone;Raw material;Undocumented;Sudoite;;;
;Portable Objects / Artefacts;Stone;Raw material;Undocumented;Tufa;;;
;Portable Objects / Artefacts;Stone;Raw material;Undocumented;Turquoise;;;
;Portable Objects / Artefacts;Stone;Raw material;Undocumented;Variscite;;;
;Portable Objects / Artefacts;Stone;Raw material;Undocumented;Other material;;;
;Portable Objects / Artefacts;Stone;Raw material;Undocumented;Undocumented;;;
;Portable Objects / Artefacts;Stone;Raw material;Plate;Agate;;;
;Portable Objects / Artefacts;Stone;Raw material;Plate;Albite;;;
;Portable Objects / Artefacts;Stone;Raw material;Plate;Amethyst;;;
;Portable Objects / Artefacts;Stone;Raw material;Plate;Anorthite;;;
;Portable Objects / Artefacts;Stone;Raw material;Plate;Aventurine;;;
;Portable Objects / Artefacts;Stone;Raw material;Plate;Barite;;;
;Portable Objects / Artefacts;Stone;Raw material;Plate;Limestone;;;
;Portable Objects / Artefacts;Stone;Raw material;Plate;Chalcedony;;;
;Portable Objects / Artefacts;Stone;Raw material;Plate;Calcite;;;
;Portable Objects / Artefacts;Stone;Raw material;Plate;Chlorite;;;
;Portable Objects / Artefacts;Stone;Raw material;Plate;Carnelian;;;
;Portable Objects / Artefacts;Stone;Raw material;Plate;Rock crystal;;;
;Portable Objects / Artefacts;Stone;Raw material;Plate;Diorite;;;
;Portable Objects / Artefacts;Stone;Raw material;Plate;Jasper;;;
;Portable Objects / Artefacts;Stone;Raw material;Plate;Jet;;;
;Portable Objects / Artefacts;Stone;Raw material;Plate;Malachite;;;
;Portable Objects / Artefacts;Stone;Raw material;Plate;Marble;;;
;Portable Objects / Artefacts;Stone;Raw material;Plate;Nephrite;;;
;Portable Objects / Artefacts;Stone;Raw material;Plate;Paragonite;;;
;Portable Objects / Artefacts;Stone;Raw material;Plate;Prehnite;;;
;Portable Objects / Artefacts;Stone;Raw material;Plate;Pumpellyite;;;
;Portable Objects / Artefacts;Stone;Raw material;Plate;Quartz;;;
;Portable Objects / Artefacts;Stone;Raw material;Plate;Serpentine;;;
;Portable Objects / Artefacts;Stone;Raw material;Plate;Steatite;;;
;Portable Objects / Artefacts;Stone;Raw material;Plate;Sudoite;;;
;Portable Objects / Artefacts;Stone;Raw material;Plate;Tufa;;;
;Portable Objects / Artefacts;Stone;Raw material;Plate;Turquoise;;;
;Portable Objects / Artefacts;Stone;Raw material;Plate;Variscite;;;
;Portable Objects / Artefacts;Stone;Raw material;Plate;Other material;;;
;Portable Objects / Artefacts;Stone;Raw material;Plate;Undocumented;;;
;Portable Objects / Artefacts;Stone;Jewellery;Others;Agate;;;
;Portable Objects / Artefacts;Stone;Jewellery;Others;Albite;;;
;Portable Objects / Artefacts;Stone;Jewellery;Others;Amethyst;;;
;Portable Objects / Artefacts;Stone;Jewellery;Others;Anorthite;;;
;Portable Objects / Artefacts;Stone;Jewellery;Others;Aventurine;;;
;Portable Objects / Artefacts;Stone;Jewellery;Others;Barite;;;
;Portable Objects / Artefacts;Stone;Jewellery;Others;Limestone;;;
;Portable Objects / Artefacts;Stone;Jewellery;Others;Chalcedony;;;
;Portable Objects / Artefacts;Stone;Jewellery;Others;Calcite;;;
;Portable Objects / Artefacts;Stone;Jewellery;Others;Chlorite;;;
;Portable Objects / Artefacts;Stone;Jewellery;Others;Carnelian;;;
;Portable Objects / Artefacts;Stone;Jewellery;Others;Rock crystal;;;
;Portable Objects / Artefacts;Stone;Jewellery;Others;Diorite;;;
;Portable Objects / Artefacts;Stone;Jewellery;Others;Jasper;;;
;Portable Objects / Artefacts;Stone;Jewellery;Others;Jet;;;
;Portable Objects / Artefacts;Stone;Jewellery;Others;Malachite;;;
;Portable Objects / Artefacts;Stone;Jewellery;Others;Marble;;;
;Portable Objects / Artefacts;Stone;Jewellery;Others;Nephrite;;;
;Portable Objects / Artefacts;Stone;Jewellery;Others;Paragonite;;;
;Portable Objects / Artefacts;Stone;Jewellery;Others;Prehnite;;;
;Portable Objects / Artefacts;Stone;Jewellery;Others;Pumpellyite;;;
;Portable Objects / Artefacts;Stone;Jewellery;Others;Quartz;;;
;Portable Objects / Artefacts;Stone;Jewellery;Others;Serpentine;;;
;Portable Objects / Artefacts;Stone;Jewellery;Others;Steatite;;;
;Portable Objects / Artefacts;Stone;Jewellery;Others;Sudoite;;;
;Portable Objects / Artefacts;Stone;Jewellery;Others;Tufa;;;
;Portable Objects / Artefacts;Stone;Jewellery;Others;Turquoise;;;
;Portable Objects / Artefacts;Stone;Jewellery;Others;Variscite;;;
;Portable Objects / Artefacts;Stone;Jewellery;Others;Other material;;;
;Portable Objects / Artefacts;Stone;Jewellery;Others;Undocumented;;;
;Portable Objects / Artefacts;Stone;Others;Others;Malachite;;;
;Portable Objects / Artefacts;Stone;Others;Others;Marble;;;
;Portable Objects / Artefacts;Stone;Others;Others;Agate;;;
;Portable Objects / Artefacts;Stone;Others;Others;Albite;;;
;Portable Objects / Artefacts;Stone;Others;Others;Amethyst;;;
;Portable Objects / Artefacts;Stone;Others;Others;Anorthite;;;
;Portable Objects / Artefacts;Stone;Others;Others;Aventurine;;;
;Portable Objects / Artefacts;Stone;Others;Others;Barite;;;
;Portable Objects / Artefacts;Stone;Others;Others;Limestone;;;
;Portable Objects / Artefacts;Stone;Others;Others;Chalcedony;;;
;Portable Objects / Artefacts;Stone;Others;Others;Calcite;;;
;Portable Objects / Artefacts;Stone;Others;Others;Chlorite;;;
;Portable Objects / Artefacts;Stone;Others;Others;Carnelian;;;
;Portable Objects / Artefacts;Stone;Others;Others;Rock crystal;;;
;Portable Objects / Artefacts;Stone;Others;Others;Nephrite;;;
;Portable Objects / Artefacts;Stone;Others;Others;Paragonite;;;
;Portable Objects / Artefacts;Stone;Others;Others;Prehnite;;;
;Portable Objects / Artefacts;Stone;Others;Others;Pumpellyite;;;
;Portable Objects / Artefacts;Stone;Others;Others;Quartz;;;
;Portable Objects / Artefacts;Stone;Others;Others;Serpentine;;;
;Portable Objects / Artefacts;Stone;Others;Others;Steatite;;;
;Portable Objects / Artefacts;Stone;Others;Others;Sudoite;;;
;Portable Objects / Artefacts;Stone;Others;Others;Tufa;;;
;Portable Objects / Artefacts;Stone;Others;Others;Turquoise;;;
;Portable Objects / Artefacts;Stone;Others;Others;Variscite;;;
;Portable Objects / Artefacts;Stone;Others;Others;Other material;;;
;Portable Objects / Artefacts;Stone;Others;Others;Undocumented;;;
;Portable Objects / Artefacts;Stone;Others;Others;Diorite;;;
;Portable Objects / Artefacts;Stone;Others;Others;Jasper;;;
;Portable Objects / Artefacts;Stone;Others;Others;Jayet;;;
;Portable Objects / Artefacts;Stone;Others;Others;Chert;;;